{
  "rbnf": {
    "identity": {
      "version": {
        "_cldrVersion": "42"
      },
      "language": "az"
    },
    "rbnf": {
      "OrdinalRules": {
        "%%digits-ordinal-indicator": [
          [
            "0",
            "''inci;"
          ]
        ],
        "%digits-ordinal": [
          [
            "-x",
            "−→→;"
          ],
          [
            "0",
            "=#,##0==%%digits-ordinal-indicator=;"
          ]
        ]
      },
      "SpelloutRules": {
        "%spellout-numbering-year": [
          [
            "x.x",
            "=0.0=;"
          ],
          [
            "0",
            "=%spellout-numbering=;"
          ]
        ],
        "%spellout-numbering": [
          [
            "0",
            "=%spellout-cardinal=;"
          ]
        ],
        "%spellout-cardinal": [
          [
            "-x",
            "əksi →→;"
          ],
          [
            "x.x",
            "←← tam →→;"
          ],
          [
            "0",
            "sıfır;"
          ],
          [
            "1",
            "bir;"
          ],
          [
            "2",
            "iki;"
          ],
          [
            "3",
            "üç;"
          ],
          [
            "4",
            "dörd;"
          ],
          [
            "5",
            "beş;"
          ],
          [
            "6",
            "altı;"
          ],
          [
            "7",
            "yeddi;"
          ],
          [
            "8",
            "səkkiz;"
          ],
          [
            "9",
            "doqquz;"
          ],
          [
            "10",
            "on[ →→];"
          ],
          [
            "20",
            "iyirmi[ →→];"
          ],
          [
            "30",
            "otuz[ →→];"
          ],
          [
            "40",
            "qırx[ →→];"
          ],
          [
            "50",
            "əlli[ →→];"
          ],
          [
            "60",
            "atmış[ →→];"
          ],
          [
            "70",
            "yetmiş[ →→];"
          ],
          [
            "80",
            "səqsən[ →→];"
          ],
          [
            "90",
            "doxsan[ →→];"
          ],
          [
            "100",
            "←← yüz[ →→];"
          ],
          [
            "1000",
            "←← min[ →→];"
          ],
          [
            "1000000",
            "←← milyon[ →→];"
          ],
          [
            "1000000000",
            "←← milyard[ →→];"
          ],
          [
            "1000000000000",
            "←← trilyon[ →→];"
          ],
          [
            "1000000000000000",
            "←← katrilyon[ →→];"
          ],
          [
            "1000000000000000000",
            "=#,##0=;"
          ]
        ],
        "%%inci": [
          [
            "0",
            "inci;"
          ],
          [
            "1",
            "' =%spellout-ordinal=;"
          ]
        ],
        "%%nci": [
          [
            "0",
            "nci;"
          ],
          [
            "1",
            "' =%spellout-ordinal=;"
          ]
        ],
        "%%inci2": [
          [
            "0",
            "ıncı;"
          ],
          [
            "1",
            "' =%spellout-ordinal=;"
          ]
        ],
        "%%uncu2": [
          [
            "0",
            "üncü;"
          ],
          [
            "1",
            "' =%spellout-ordinal=;"
          ]
        ],
        "%%uncu": [
          [
            "0",
            "uncu;"
          ],
          [
            "1",
            "' =%spellout-ordinal=;"
          ]
        ],
        "%spellout-ordinal": [
          [
            "-x",
            "əksi →→;"
          ],
          [
            "x.x",
            "=#,##0.#=;"
          ],
          [
            "0",
            "sıfırıncı;"
          ],
          [
            "1",
            "birinci;"
          ],
          [
            "2",
            "ikinci;"
          ],
          [
            "3",
            "üçüncü;"
          ],
          [
            "4",
            "dördüncü;"
          ],
          [
            "5",
            "beşinci;"
          ],
          [
            "6",
            "altıncı;"
          ],
          [
            "7",
            "yeddinci;"
          ],
          [
            "8",
            "səkkizinci;"
          ],
          [
            "9",
            "doqquzuncu;"
          ],
          [
            "10",
            "on→%%uncu→;"
          ],
          [
            "20",
            "iyirmi→%%nci→;"
          ],
          [
            "30",
            "otuz→%%uncu→;"
          ],
          [
            "40",
            "qırx→%%inci2→;"
          ],
          [
            "50",
            "əlli→%%nci→;"
          ],
          [
            "60",
            "altmış→%%inci2→;"
          ],
          [
            "70",
            "yetmiş→%%inci2→;"
          ],
          [
            "80",
            "səqsən→%%inci2→;"
          ],
          [
            "90",
            "doxsan→%%inci2→;"
          ],
          [
            "100",
            "←%spellout-numbering← yüz→%%uncu2→;"
          ],
          [
            "1000",
            "←%spellout-numbering← bin→%%inci→;"
          ],
          [
            "1000000",
            "←%spellout-numbering← milyon→%%uncu→;"
          ],
          [
            "1000000000",
            "←%spellout-numbering← milyar→%%inci2→;"
          ],
          [
            "1000000000000",
            "←%spellout-numbering← trilyon→%%uncu→;"
          ],
          [
            "1000000000000000",
            "←%spellout-numbering← katrilyon→%%uncu→;"
          ],
          [
            "1000000000000000000",
            "=#,##0='inci;"
          ]
        ]
      }
    }
  }
}
