{
  "annotationsDerived": {
    "identity": {
      "version": {
        "_cldrVersion": "41"
      },
      "language": "en",
      "territory": "CA"
    },
    "annotations": {
      "🫱🏻": {
        "default": [
          "hand",
          "light skin tone",
          "right",
          "rightward",
          "rightwards"
        ],
        "tts": [
          "rightward hand: light skin tone"
        ]
      },
      "🫱🏼": {
        "default": [
          "hand",
          "medium-light skin tone",
          "right",
          "rightward",
          "rightwards"
        ],
        "tts": [
          "rightward hand: medium-light skin tone"
        ]
      },
      "🫱🏽": {
        "default": [
          "hand",
          "medium skin tone",
          "right",
          "rightward",
          "rightwards"
        ],
        "tts": [
          "rightward hand: medium skin tone"
        ]
      },
      "🫱🏾": {
        "default": [
          "hand",
          "medium-dark skin tone",
          "right",
          "rightward",
          "rightwards"
        ],
        "tts": [
          "rightward hand: medium-dark skin tone"
        ]
      },
      "🫱🏿": {
        "default": [
          "dark skin tone",
          "hand",
          "right",
          "rightward",
          "rightwards"
        ],
        "tts": [
          "rightward hand: dark skin tone"
        ]
      },
      "🫲🏻": {
        "default": [
          "hand",
          "left",
          "leftward",
          "leftwards",
          "light skin tone"
        ],
        "tts": [
          "leftward hand: light skin tone"
        ]
      },
      "🫲🏼": {
        "default": [
          "hand",
          "left",
          "leftward",
          "leftwards",
          "medium-light skin tone"
        ],
        "tts": [
          "leftward hand: medium-light skin tone"
        ]
      },
      "🫲🏽": {
        "default": [
          "hand",
          "left",
          "leftward",
          "leftwards",
          "medium skin tone"
        ],
        "tts": [
          "leftward hand: medium skin tone"
        ]
      },
      "🫲🏾": {
        "default": [
          "hand",
          "left",
          "leftward",
          "leftwards",
          "medium-dark skin tone"
        ],
        "tts": [
          "leftward hand: medium-dark skin tone"
        ]
      },
      "🫲🏿": {
        "default": [
          "dark skin tone",
          "hand",
          "left",
          "leftward",
          "leftwards"
        ],
        "tts": [
          "leftward hand: dark skin tone"
        ]
      },
      "👌🏻": {
        "default": [
          "hand",
          "light skin tone",
          "OK",
          "perfect"
        ]
      },
      "👌🏼": {
        "default": [
          "hand",
          "medium-light skin tone",
          "OK",
          "perfect"
        ]
      },
      "👌🏽": {
        "default": [
          "hand",
          "medium skin tone",
          "OK",
          "perfect"
        ]
      },
      "👌🏾": {
        "default": [
          "hand",
          "medium-dark skin tone",
          "OK",
          "perfect"
        ]
      },
      "👌🏿": {
        "default": [
          "dark skin tone",
          "hand",
          "OK",
          "perfect"
        ]
      },
      "🤞🏻": {
        "default": [
          "cross",
          "crossed fingers",
          "finger",
          "good luck",
          "hand",
          "light skin tone",
          "luck"
        ]
      },
      "🤞🏼": {
        "default": [
          "cross",
          "crossed fingers",
          "finger",
          "good luck",
          "hand",
          "luck",
          "medium-light skin tone"
        ]
      },
      "🤞🏽": {
        "default": [
          "cross",
          "crossed fingers",
          "finger",
          "good luck",
          "hand",
          "luck",
          "medium skin tone"
        ]
      },
      "🤞🏾": {
        "default": [
          "cross",
          "crossed fingers",
          "finger",
          "good luck",
          "hand",
          "luck",
          "medium-dark skin tone"
        ]
      },
      "🤞🏿": {
        "default": [
          "cross",
          "crossed fingers",
          "dark skin tone",
          "finger",
          "good luck",
          "hand",
          "luck"
        ]
      },
      "🤟🏻": {
        "default": [
          "hand",
          "ILY",
          "light skin tone",
          "love you gesture",
          "love-you gesture"
        ]
      },
      "🤟🏼": {
        "default": [
          "hand",
          "ILY",
          "love you gesture",
          "love-you gesture",
          "medium-light skin tone"
        ]
      },
      "🤟🏽": {
        "default": [
          "hand",
          "ILY",
          "love you gesture",
          "love-you gesture",
          "medium skin tone"
        ]
      },
      "🤟🏾": {
        "default": [
          "hand",
          "ILY",
          "love you gesture",
          "love-you gesture",
          "medium-dark skin tone"
        ]
      },
      "🤟🏿": {
        "default": [
          "dark skin tone",
          "hand",
          "ILY",
          "love you gesture",
          "love-you gesture"
        ]
      },
      "🤘🏻": {
        "default": [
          "finger",
          "hand",
          "horns",
          "light skin tone",
          "rock on",
          "sign of the horns"
        ]
      },
      "🤘🏼": {
        "default": [
          "finger",
          "hand",
          "horns",
          "medium-light skin tone",
          "rock on",
          "sign of the horns"
        ]
      },
      "🤘🏽": {
        "default": [
          "finger",
          "hand",
          "horns",
          "medium skin tone",
          "rock on",
          "sign of the horns"
        ]
      },
      "🤘🏾": {
        "default": [
          "finger",
          "hand",
          "horns",
          "medium-dark skin tone",
          "rock on",
          "sign of the horns"
        ]
      },
      "🤘🏿": {
        "default": [
          "dark skin tone",
          "finger",
          "hand",
          "horns",
          "rock on",
          "sign of the horns"
        ]
      },
      "🤙🏻": {
        "default": [
          "call",
          "call me hand",
          "call-me hand",
          "hand",
          "light skin tone"
        ]
      },
      "🤙🏼": {
        "default": [
          "call",
          "call me hand",
          "call-me hand",
          "hand",
          "medium-light skin tone"
        ]
      },
      "🤙🏽": {
        "default": [
          "call",
          "call me hand",
          "call-me hand",
          "hand",
          "medium skin tone"
        ]
      },
      "🤙🏾": {
        "default": [
          "call",
          "call me hand",
          "call-me hand",
          "hand",
          "medium-dark skin tone"
        ]
      },
      "🤙🏿": {
        "default": [
          "call",
          "call me hand",
          "call-me hand",
          "dark skin tone",
          "hand"
        ]
      },
      "🤛🏻": {
        "default": [
          "fist",
          "left-facing fist",
          "leftward",
          "light skin tone"
        ]
      },
      "🤛🏼": {
        "default": [
          "fist",
          "left-facing fist",
          "leftward",
          "medium-light skin tone"
        ]
      },
      "🤛🏽": {
        "default": [
          "fist",
          "left-facing fist",
          "leftward",
          "medium skin tone"
        ]
      },
      "🤛🏾": {
        "default": [
          "fist",
          "left-facing fist",
          "leftward",
          "medium-dark skin tone"
        ]
      },
      "🤛🏿": {
        "default": [
          "dark skin tone",
          "fist",
          "left-facing fist",
          "leftward"
        ]
      },
      "🤜🏻": {
        "default": [
          "fist",
          "light skin tone",
          "right-facing fist",
          "rightward"
        ]
      },
      "🤜🏼": {
        "default": [
          "fist",
          "medium-light skin tone",
          "right-facing fist",
          "rightward"
        ]
      },
      "🤜🏽": {
        "default": [
          "fist",
          "medium skin tone",
          "right-facing fist",
          "rightward"
        ]
      },
      "🤜🏾": {
        "default": [
          "fist",
          "medium-dark skin tone",
          "right-facing fist",
          "rightward"
        ]
      },
      "🤜🏿": {
        "default": [
          "dark skin tone",
          "fist",
          "right-facing fist",
          "rightward"
        ]
      },
      "🙏🏻": {
        "default": [
          "ask",
          "folded hands",
          "hand",
          "high five",
          "light skin tone",
          "please",
          "pray",
          "thanks"
        ]
      },
      "🙏🏼": {
        "default": [
          "ask",
          "folded hands",
          "hand",
          "high five",
          "medium-light skin tone",
          "please",
          "pray",
          "thanks"
        ]
      },
      "🙏🏽": {
        "default": [
          "ask",
          "folded hands",
          "hand",
          "high five",
          "medium skin tone",
          "please",
          "pray",
          "thanks"
        ]
      },
      "🙏🏾": {
        "default": [
          "ask",
          "folded hands",
          "hand",
          "high five",
          "medium-dark skin tone",
          "please",
          "pray",
          "thanks"
        ]
      },
      "🙏🏿": {
        "default": [
          "ask",
          "dark skin tone",
          "folded hands",
          "hand",
          "high five",
          "please",
          "pray",
          "thanks"
        ]
      },
      "🦻🏻": {
        "default": [
          "accessibility",
          "ear with hearing aid",
          "hard of hearing",
          "hearing impaired",
          "light skin tone"
        ]
      },
      "🦻🏼": {
        "default": [
          "accessibility",
          "ear with hearing aid",
          "hard of hearing",
          "hearing impaired",
          "medium-light skin tone"
        ]
      },
      "🦻🏽": {
        "default": [
          "accessibility",
          "ear with hearing aid",
          "hard of hearing",
          "hearing impaired",
          "medium skin tone"
        ]
      },
      "🦻🏾": {
        "default": [
          "accessibility",
          "ear with hearing aid",
          "hard of hearing",
          "hearing impaired",
          "medium-dark skin tone"
        ]
      },
      "🦻🏿": {
        "default": [
          "accessibility",
          "dark skin tone",
          "ear with hearing aid",
          "hard of hearing",
          "hearing impaired"
        ]
      },
      "👧🏻": {
        "default": [
          "girl",
          "light skin tone",
          "young"
        ]
      },
      "👧🏼": {
        "default": [
          "girl",
          "medium-light skin tone",
          "young"
        ]
      },
      "👧🏽": {
        "default": [
          "girl",
          "medium skin tone",
          "young"
        ]
      },
      "👧🏾": {
        "default": [
          "girl",
          "medium-dark skin tone",
          "young"
        ]
      },
      "👧🏿": {
        "default": [
          "dark skin tone",
          "girl",
          "young"
        ]
      },
      "🧏🏻": {
        "default": [
          "accessibility",
          "deaf",
          "deaf person",
          "ear",
          "hear",
          "hearing impaired",
          "light skin tone"
        ]
      },
      "🧏🏼": {
        "default": [
          "accessibility",
          "deaf",
          "deaf person",
          "ear",
          "hear",
          "hearing impaired",
          "medium-light skin tone"
        ]
      },
      "🧏🏽": {
        "default": [
          "accessibility",
          "deaf",
          "deaf person",
          "ear",
          "hear",
          "hearing impaired",
          "medium skin tone"
        ]
      },
      "🧏🏾": {
        "default": [
          "accessibility",
          "deaf",
          "deaf person",
          "ear",
          "hear",
          "hearing impaired",
          "medium-dark skin tone"
        ]
      },
      "🧏🏿": {
        "default": [
          "accessibility",
          "dark skin tone",
          "deaf",
          "deaf person",
          "ear",
          "hear",
          "hearing impaired"
        ]
      },
      "🧑🏻‍⚕": {
        "default": [
          "care",
          "doctor",
          "health",
          "health worker",
          "healthcare",
          "light skin tone",
          "nurse",
          "therapist"
        ]
      },
      "🧑🏼‍⚕": {
        "default": [
          "care",
          "doctor",
          "health",
          "health worker",
          "healthcare",
          "medium-light skin tone",
          "nurse",
          "therapist"
        ]
      },
      "🧑🏽‍⚕": {
        "default": [
          "care",
          "doctor",
          "health",
          "health worker",
          "healthcare",
          "medium skin tone",
          "nurse",
          "therapist"
        ]
      },
      "🧑🏾‍⚕": {
        "default": [
          "care",
          "doctor",
          "health",
          "health worker",
          "healthcare",
          "medium-dark skin tone",
          "nurse",
          "therapist"
        ]
      },
      "🧑🏿‍⚕": {
        "default": [
          "care",
          "dark skin tone",
          "doctor",
          "health",
          "health worker",
          "healthcare",
          "nurse",
          "therapist"
        ]
      },
      "👨🏻‍⚕": {
        "default": [
          "doctor",
          "health care",
          "light skin tone",
          "man",
          "man health worker",
          "nurse",
          "therapist"
        ]
      },
      "👨🏼‍⚕": {
        "default": [
          "doctor",
          "health care",
          "man",
          "man health worker",
          "medium-light skin tone",
          "nurse",
          "therapist"
        ]
      },
      "👨🏽‍⚕": {
        "default": [
          "doctor",
          "health care",
          "man",
          "man health worker",
          "medium skin tone",
          "nurse",
          "therapist"
        ]
      },
      "👨🏾‍⚕": {
        "default": [
          "doctor",
          "health care",
          "man",
          "man health worker",
          "medium-dark skin tone",
          "nurse",
          "therapist"
        ]
      },
      "👨🏿‍⚕": {
        "default": [
          "dark skin tone",
          "doctor",
          "health care",
          "man",
          "man health worker",
          "nurse",
          "therapist"
        ]
      },
      "👩🏻‍⚕": {
        "default": [
          "doctor",
          "health care",
          "light skin tone",
          "nurse",
          "therapist",
          "woman",
          "woman health worker"
        ]
      },
      "👩🏼‍⚕": {
        "default": [
          "doctor",
          "health care",
          "medium-light skin tone",
          "nurse",
          "therapist",
          "woman",
          "woman health worker"
        ]
      },
      "👩🏽‍⚕": {
        "default": [
          "doctor",
          "health care",
          "medium skin tone",
          "nurse",
          "therapist",
          "woman",
          "woman health worker"
        ]
      },
      "👩🏾‍⚕": {
        "default": [
          "doctor",
          "health care",
          "medium-dark skin tone",
          "nurse",
          "therapist",
          "woman",
          "woman health worker"
        ]
      },
      "👩🏿‍⚕": {
        "default": [
          "dark skin tone",
          "doctor",
          "health care",
          "nurse",
          "therapist",
          "woman",
          "woman health worker"
        ]
      },
      "🧑🏻‍🚒": {
        "default": [
          "engine",
          "fire",
          "firefighter",
          "firetruck",
          "light skin tone",
          "truck"
        ]
      },
      "🧑🏼‍🚒": {
        "default": [
          "engine",
          "fire",
          "firefighter",
          "firetruck",
          "medium-light skin tone",
          "truck"
        ]
      },
      "🧑🏽‍🚒": {
        "default": [
          "engine",
          "fire",
          "firefighter",
          "firetruck",
          "medium skin tone",
          "truck"
        ]
      },
      "🧑🏾‍🚒": {
        "default": [
          "engine",
          "fire",
          "firefighter",
          "firetruck",
          "medium-dark skin tone",
          "truck"
        ]
      },
      "🧑🏿‍🚒": {
        "default": [
          "dark skin tone",
          "engine",
          "fire",
          "firefighter",
          "firetruck",
          "truck"
        ]
      },
      "👨🏻‍🚒": {
        "default": [
          "fire truck",
          "firefighter",
          "fireman",
          "light skin tone",
          "man"
        ]
      },
      "👨🏼‍🚒": {
        "default": [
          "fire truck",
          "firefighter",
          "fireman",
          "man",
          "medium-light skin tone"
        ]
      },
      "👨🏽‍🚒": {
        "default": [
          "fire truck",
          "firefighter",
          "fireman",
          "man",
          "medium skin tone"
        ]
      },
      "👨🏾‍🚒": {
        "default": [
          "fire truck",
          "firefighter",
          "fireman",
          "man",
          "medium-dark skin tone"
        ]
      },
      "👨🏿‍🚒": {
        "default": [
          "dark skin tone",
          "fire truck",
          "firefighter",
          "fireman",
          "man"
        ]
      },
      "👩🏻‍🚒": {
        "default": [
          "engine",
          "fire",
          "firefighter",
          "firetruck",
          "firewoman",
          "light skin tone",
          "truck",
          "woman"
        ]
      },
      "👩🏼‍🚒": {
        "default": [
          "engine",
          "fire",
          "firefighter",
          "firetruck",
          "firewoman",
          "medium-light skin tone",
          "truck",
          "woman"
        ]
      },
      "👩🏽‍🚒": {
        "default": [
          "engine",
          "fire",
          "firefighter",
          "firetruck",
          "firewoman",
          "medium skin tone",
          "truck",
          "woman"
        ]
      },
      "👩🏾‍🚒": {
        "default": [
          "engine",
          "fire",
          "firefighter",
          "firetruck",
          "firewoman",
          "medium-dark skin tone",
          "truck",
          "woman"
        ]
      },
      "👩🏿‍🚒": {
        "default": [
          "dark skin tone",
          "engine",
          "fire",
          "firefighter",
          "firetruck",
          "firewoman",
          "truck",
          "woman"
        ]
      },
      "🎅🏻": {
        "default": [
          "celebration",
          "Christmas",
          "Claus",
          "Father",
          "light skin tone",
          "Santa"
        ]
      },
      "🎅🏼": {
        "default": [
          "celebration",
          "Christmas",
          "Claus",
          "Father",
          "medium-light skin tone",
          "Santa"
        ]
      },
      "🎅🏽": {
        "default": [
          "celebration",
          "Christmas",
          "Claus",
          "Father",
          "medium skin tone",
          "Santa"
        ]
      },
      "🎅🏾": {
        "default": [
          "celebration",
          "Christmas",
          "Claus",
          "Father",
          "medium-dark skin tone",
          "Santa"
        ]
      },
      "🎅🏿": {
        "default": [
          "celebration",
          "Christmas",
          "Claus",
          "dark skin tone",
          "Father",
          "Santa"
        ]
      },
      "🤶🏻": {
        "default": [
          "celebration",
          "Christmas",
          "Claus",
          "light skin tone",
          "Mother",
          "Mrs."
        ]
      },
      "🤶🏼": {
        "default": [
          "celebration",
          "Christmas",
          "Claus",
          "medium-light skin tone",
          "Mother",
          "Mrs."
        ]
      },
      "🤶🏽": {
        "default": [
          "celebration",
          "Christmas",
          "Claus",
          "medium skin tone",
          "Mother",
          "Mrs."
        ]
      },
      "🤶🏾": {
        "default": [
          "celebration",
          "Christmas",
          "Claus",
          "medium-dark skin tone",
          "Mother",
          "Mrs."
        ]
      },
      "🤶🏿": {
        "default": [
          "celebration",
          "Christmas",
          "Claus",
          "dark skin tone",
          "Mother",
          "Mrs."
        ]
      },
      "🧑🏻‍🎄": {
        "default": [
          "Claus, Christmas",
          "light skin tone",
          "Mx. Claus"
        ],
        "tts": [
          "Mx. Claus: light skin tone"
        ]
      },
      "🧑🏼‍🎄": {
        "default": [
          "Claus, Christmas",
          "medium-light skin tone",
          "Mx. Claus"
        ],
        "tts": [
          "Mx. Claus: medium-light skin tone"
        ]
      },
      "🧑🏽‍🎄": {
        "default": [
          "Claus, Christmas",
          "medium skin tone",
          "Mx. Claus"
        ],
        "tts": [
          "Mx. Claus: medium skin tone"
        ]
      },
      "🧑🏾‍🎄": {
        "default": [
          "Claus, Christmas",
          "medium-dark skin tone",
          "Mx. Claus"
        ],
        "tts": [
          "Mx. Claus: medium-dark skin tone"
        ]
      },
      "🧑🏿‍🎄": {
        "default": [
          "Claus, Christmas",
          "dark skin tone",
          "Mx. Claus"
        ],
        "tts": [
          "Mx. Claus: dark skin tone"
        ]
      },
      "💇🏻": {
        "default": [
          "barber",
          "beauty",
          "haircut",
          "light skin tone",
          "parlour",
          "person getting haircut"
        ]
      },
      "💇🏼": {
        "default": [
          "barber",
          "beauty",
          "haircut",
          "medium-light skin tone",
          "parlour",
          "person getting haircut"
        ]
      },
      "💇🏽": {
        "default": [
          "barber",
          "beauty",
          "haircut",
          "medium skin tone",
          "parlour",
          "person getting haircut"
        ]
      },
      "💇🏾": {
        "default": [
          "barber",
          "beauty",
          "haircut",
          "medium-dark skin tone",
          "parlour",
          "person getting haircut"
        ]
      },
      "💇🏿": {
        "default": [
          "barber",
          "beauty",
          "dark skin tone",
          "haircut",
          "parlour",
          "person getting haircut"
        ]
      },
      "🏋🏻": {
        "default": [
          "lifter",
          "light skin tone",
          "person lifting weights",
          "weight",
          "weightlifter"
        ]
      },
      "🏋🏼": {
        "default": [
          "lifter",
          "medium-light skin tone",
          "person lifting weights",
          "weight",
          "weightlifter"
        ]
      },
      "🏋🏽": {
        "default": [
          "lifter",
          "medium skin tone",
          "person lifting weights",
          "weight",
          "weightlifter"
        ]
      },
      "🏋🏾": {
        "default": [
          "lifter",
          "medium-dark skin tone",
          "person lifting weights",
          "weight",
          "weightlifter"
        ]
      },
      "🏋🏿": {
        "default": [
          "dark skin tone",
          "lifter",
          "person lifting weights",
          "weight",
          "weightlifter"
        ]
      },
      "🤹🏻": {
        "default": [
          "balance",
          "juggle",
          "light skin tone",
          "multi-task",
          "multitask",
          "person juggling",
          "skill"
        ]
      },
      "🤹🏼": {
        "default": [
          "balance",
          "juggle",
          "medium-light skin tone",
          "multi-task",
          "multitask",
          "person juggling",
          "skill"
        ]
      },
      "🤹🏽": {
        "default": [
          "balance",
          "juggle",
          "medium skin tone",
          "multi-task",
          "multitask",
          "person juggling",
          "skill"
        ]
      },
      "🤹🏾": {
        "default": [
          "balance",
          "juggle",
          "medium-dark skin tone",
          "multi-task",
          "multitask",
          "person juggling",
          "skill"
        ]
      },
      "🤹🏿": {
        "default": [
          "balance",
          "dark skin tone",
          "juggle",
          "multi-task",
          "multitask",
          "person juggling",
          "skill"
        ]
      },
      "🤹🏻‍♂": {
        "default": [
          "juggling",
          "light skin tone",
          "man",
          "multi-task",
          "multitask"
        ]
      },
      "🤹🏼‍♂": {
        "default": [
          "juggling",
          "man",
          "medium-light skin tone",
          "multi-task",
          "multitask"
        ]
      },
      "🤹🏽‍♂": {
        "default": [
          "juggling",
          "man",
          "medium skin tone",
          "multi-task",
          "multitask"
        ]
      },
      "🤹🏾‍♂": {
        "default": [
          "juggling",
          "man",
          "medium-dark skin tone",
          "multi-task",
          "multitask"
        ]
      },
      "🤹🏿‍♂": {
        "default": [
          "dark skin tone",
          "juggling",
          "man",
          "multi-task",
          "multitask"
        ]
      },
      "🤹🏻‍♀": {
        "default": [
          "juggling",
          "light skin tone",
          "multi-task",
          "multitask",
          "woman"
        ]
      },
      "🤹🏼‍♀": {
        "default": [
          "juggling",
          "medium-light skin tone",
          "multi-task",
          "multitask",
          "woman"
        ]
      },
      "🤹🏽‍♀": {
        "default": [
          "juggling",
          "medium skin tone",
          "multi-task",
          "multitask",
          "woman"
        ]
      },
      "🤹🏾‍♀": {
        "default": [
          "juggling",
          "medium-dark skin tone",
          "multi-task",
          "multitask",
          "woman"
        ]
      },
      "🤹🏿‍♀": {
        "default": [
          "dark skin tone",
          "juggling",
          "multi-task",
          "multitask",
          "woman"
        ]
      },
      "👭🏻": {
        "default": [
          "couple",
          "hand",
          "holding hands",
          "light skin tone",
          "two women holding hands",
          "women"
        ]
      },
      "👩🏻‍🤝‍👩🏼": {
        "default": [
          "couple",
          "hand",
          "holding hands",
          "light skin tone",
          "medium-light skin tone",
          "two women holding hands",
          "women"
        ]
      },
      "👩🏻‍🤝‍👩🏽": {
        "default": [
          "couple",
          "hand",
          "holding hands",
          "light skin tone",
          "medium skin tone",
          "two women holding hands",
          "women"
        ]
      },
      "👩🏻‍🤝‍👩🏾": {
        "default": [
          "couple",
          "hand",
          "holding hands",
          "light skin tone",
          "medium-dark skin tone",
          "two women holding hands",
          "women"
        ]
      },
      "👩🏻‍🤝‍👩🏿": {
        "default": [
          "couple",
          "dark skin tone",
          "hand",
          "holding hands",
          "light skin tone",
          "two women holding hands",
          "women"
        ]
      },
      "👩🏼‍🤝‍👩🏻": {
        "default": [
          "couple",
          "hand",
          "holding hands",
          "light skin tone",
          "medium-light skin tone",
          "two women holding hands",
          "women"
        ]
      },
      "👭🏼": {
        "default": [
          "couple",
          "hand",
          "holding hands",
          "medium-light skin tone",
          "two women holding hands",
          "women"
        ]
      },
      "👩🏼‍🤝‍👩🏽": {
        "default": [
          "couple",
          "hand",
          "holding hands",
          "medium skin tone",
          "medium-light skin tone",
          "two women holding hands",
          "women"
        ]
      },
      "👩🏼‍🤝‍👩🏾": {
        "default": [
          "couple",
          "hand",
          "holding hands",
          "medium-dark skin tone",
          "medium-light skin tone",
          "two women holding hands",
          "women"
        ]
      },
      "👩🏼‍🤝‍👩🏿": {
        "default": [
          "couple",
          "dark skin tone",
          "hand",
          "holding hands",
          "medium-light skin tone",
          "two women holding hands",
          "women"
        ]
      },
      "👩🏽‍🤝‍👩🏻": {
        "default": [
          "couple",
          "hand",
          "holding hands",
          "light skin tone",
          "medium skin tone",
          "two women holding hands",
          "women"
        ]
      },
      "👩🏽‍🤝‍👩🏼": {
        "default": [
          "couple",
          "hand",
          "holding hands",
          "medium skin tone",
          "medium-light skin tone",
          "two women holding hands",
          "women"
        ]
      },
      "👭🏽": {
        "default": [
          "couple",
          "hand",
          "holding hands",
          "medium skin tone",
          "two women holding hands",
          "women"
        ]
      },
      "👩🏽‍🤝‍👩🏾": {
        "default": [
          "couple",
          "hand",
          "holding hands",
          "medium skin tone",
          "medium-dark skin tone",
          "two women holding hands",
          "women"
        ]
      },
      "👩🏽‍🤝‍👩🏿": {
        "default": [
          "couple",
          "dark skin tone",
          "hand",
          "holding hands",
          "medium skin tone",
          "two women holding hands",
          "women"
        ]
      },
      "👩🏾‍🤝‍👩🏻": {
        "default": [
          "couple",
          "hand",
          "holding hands",
          "light skin tone",
          "medium-dark skin tone",
          "two women holding hands",
          "women"
        ]
      },
      "👩🏾‍🤝‍👩🏼": {
        "default": [
          "couple",
          "hand",
          "holding hands",
          "medium-dark skin tone",
          "medium-light skin tone",
          "two women holding hands",
          "women"
        ]
      },
      "👩🏾‍🤝‍👩🏽": {
        "default": [
          "couple",
          "hand",
          "holding hands",
          "medium skin tone",
          "medium-dark skin tone",
          "two women holding hands",
          "women"
        ]
      },
      "👭🏾": {
        "default": [
          "couple",
          "hand",
          "holding hands",
          "medium-dark skin tone",
          "two women holding hands",
          "women"
        ]
      },
      "👩🏾‍🤝‍👩🏿": {
        "default": [
          "couple",
          "dark skin tone",
          "hand",
          "holding hands",
          "medium-dark skin tone",
          "two women holding hands",
          "women"
        ]
      },
      "👩🏿‍🤝‍👩🏻": {
        "default": [
          "couple",
          "dark skin tone",
          "hand",
          "holding hands",
          "light skin tone",
          "two women holding hands",
          "women"
        ]
      },
      "👩🏿‍🤝‍👩🏼": {
        "default": [
          "couple",
          "dark skin tone",
          "hand",
          "holding hands",
          "medium-light skin tone",
          "two women holding hands",
          "women"
        ]
      },
      "👩🏿‍🤝‍👩🏽": {
        "default": [
          "couple",
          "dark skin tone",
          "hand",
          "holding hands",
          "medium skin tone",
          "two women holding hands",
          "women"
        ]
      },
      "👩🏿‍🤝‍👩🏾": {
        "default": [
          "couple",
          "dark skin tone",
          "hand",
          "holding hands",
          "medium-dark skin tone",
          "two women holding hands",
          "women"
        ]
      },
      "👭🏿": {
        "default": [
          "couple",
          "dark skin tone",
          "hand",
          "holding hands",
          "two women holding hands",
          "women"
        ]
      },
      "👬🏻": {
        "default": [
          "couple",
          "Gemini",
          "holding hands",
          "light skin tone",
          "men",
          "twins",
          "two men holding hands",
          "zodiac"
        ]
      },
      "👨🏻‍🤝‍👨🏼": {
        "default": [
          "couple",
          "Gemini",
          "holding hands",
          "light skin tone",
          "medium-light skin tone",
          "men",
          "twins",
          "two men holding hands",
          "zodiac"
        ]
      },
      "👨🏻‍🤝‍👨🏽": {
        "default": [
          "couple",
          "Gemini",
          "holding hands",
          "light skin tone",
          "medium skin tone",
          "men",
          "twins",
          "two men holding hands",
          "zodiac"
        ]
      },
      "👨🏻‍🤝‍👨🏾": {
        "default": [
          "couple",
          "Gemini",
          "holding hands",
          "light skin tone",
          "medium-dark skin tone",
          "men",
          "twins",
          "two men holding hands",
          "zodiac"
        ]
      },
      "👨🏻‍🤝‍👨🏿": {
        "default": [
          "couple",
          "dark skin tone",
          "Gemini",
          "holding hands",
          "light skin tone",
          "men",
          "twins",
          "two men holding hands",
          "zodiac"
        ]
      },
      "👨🏼‍🤝‍👨🏻": {
        "default": [
          "couple",
          "Gemini",
          "holding hands",
          "light skin tone",
          "medium-light skin tone",
          "men",
          "twins",
          "two men holding hands",
          "zodiac"
        ]
      },
      "👬🏼": {
        "default": [
          "couple",
          "Gemini",
          "holding hands",
          "medium-light skin tone",
          "men",
          "twins",
          "two men holding hands",
          "zodiac"
        ]
      },
      "👨🏼‍🤝‍👨🏽": {
        "default": [
          "couple",
          "Gemini",
          "holding hands",
          "medium skin tone",
          "medium-light skin tone",
          "men",
          "twins",
          "two men holding hands",
          "zodiac"
        ]
      },
      "👨🏼‍🤝‍👨🏾": {
        "default": [
          "couple",
          "Gemini",
          "holding hands",
          "medium-dark skin tone",
          "medium-light skin tone",
          "men",
          "twins",
          "two men holding hands",
          "zodiac"
        ]
      },
      "👨🏼‍🤝‍👨🏿": {
        "default": [
          "couple",
          "dark skin tone",
          "Gemini",
          "holding hands",
          "medium-light skin tone",
          "men",
          "twins",
          "two men holding hands",
          "zodiac"
        ]
      },
      "👨🏽‍🤝‍👨🏻": {
        "default": [
          "couple",
          "Gemini",
          "holding hands",
          "light skin tone",
          "medium skin tone",
          "men",
          "twins",
          "two men holding hands",
          "zodiac"
        ]
      },
      "👨🏽‍🤝‍👨🏼": {
        "default": [
          "couple",
          "Gemini",
          "holding hands",
          "medium skin tone",
          "medium-light skin tone",
          "men",
          "twins",
          "two men holding hands",
          "zodiac"
        ]
      },
      "👬🏽": {
        "default": [
          "couple",
          "Gemini",
          "holding hands",
          "medium skin tone",
          "men",
          "twins",
          "two men holding hands",
          "zodiac"
        ]
      },
      "👨🏽‍🤝‍👨🏾": {
        "default": [
          "couple",
          "Gemini",
          "holding hands",
          "medium skin tone",
          "medium-dark skin tone",
          "men",
          "twins",
          "two men holding hands",
          "zodiac"
        ]
      },
      "👨🏽‍🤝‍👨🏿": {
        "default": [
          "couple",
          "dark skin tone",
          "Gemini",
          "holding hands",
          "medium skin tone",
          "men",
          "twins",
          "two men holding hands",
          "zodiac"
        ]
      },
      "👨🏾‍🤝‍👨🏻": {
        "default": [
          "couple",
          "Gemini",
          "holding hands",
          "light skin tone",
          "medium-dark skin tone",
          "men",
          "twins",
          "two men holding hands",
          "zodiac"
        ]
      },
      "👨🏾‍🤝‍👨🏼": {
        "default": [
          "couple",
          "Gemini",
          "holding hands",
          "medium-dark skin tone",
          "medium-light skin tone",
          "men",
          "twins",
          "two men holding hands",
          "zodiac"
        ]
      },
      "👨🏾‍🤝‍👨🏽": {
        "default": [
          "couple",
          "Gemini",
          "holding hands",
          "medium skin tone",
          "medium-dark skin tone",
          "men",
          "twins",
          "two men holding hands",
          "zodiac"
        ]
      },
      "👬🏾": {
        "default": [
          "couple",
          "Gemini",
          "holding hands",
          "medium-dark skin tone",
          "men",
          "twins",
          "two men holding hands",
          "zodiac"
        ]
      },
      "👨🏾‍🤝‍👨🏿": {
        "default": [
          "couple",
          "dark skin tone",
          "Gemini",
          "holding hands",
          "medium-dark skin tone",
          "men",
          "twins",
          "two men holding hands",
          "zodiac"
        ]
      },
      "👨🏿‍🤝‍👨🏻": {
        "default": [
          "couple",
          "dark skin tone",
          "Gemini",
          "holding hands",
          "light skin tone",
          "men",
          "twins",
          "two men holding hands",
          "zodiac"
        ]
      },
      "👨🏿‍🤝‍👨🏼": {
        "default": [
          "couple",
          "dark skin tone",
          "Gemini",
          "holding hands",
          "medium-light skin tone",
          "men",
          "twins",
          "two men holding hands",
          "zodiac"
        ]
      },
      "👨🏿‍🤝‍👨🏽": {
        "default": [
          "couple",
          "dark skin tone",
          "Gemini",
          "holding hands",
          "medium skin tone",
          "men",
          "twins",
          "two men holding hands",
          "zodiac"
        ]
      },
      "👨🏿‍🤝‍👨🏾": {
        "default": [
          "couple",
          "dark skin tone",
          "Gemini",
          "holding hands",
          "medium-dark skin tone",
          "men",
          "twins",
          "two men holding hands",
          "zodiac"
        ]
      },
      "👬🏿": {
        "default": [
          "couple",
          "dark skin tone",
          "Gemini",
          "holding hands",
          "men",
          "twins",
          "two men holding hands",
          "zodiac"
        ]
      },
      "🇦🇬": {
        "tts": [
          "flag: Antigua and Barbuda"
        ]
      },
      "🇧🇦": {
        "tts": [
          "flag: Bosnia and Herzegovina"
        ]
      },
      "🇧🇱": {
        "tts": [
          "flag: Saint-Barthélemy"
        ]
      },
      "🇪🇦": {
        "tts": [
          "flag: Ceuta and Melilla"
        ]
      },
      "🇬🇸": {
        "tts": [
          "flag: South Georgia and South Sandwich Islands"
        ]
      },
      "🇭🇲": {
        "tts": [
          "flag: Heard and McDonald Islands"
        ]
      },
      "🇰🇳": {
        "tts": [
          "flag: Saint Kitts and Nevis"
        ]
      },
      "🇱🇨": {
        "tts": [
          "flag: Saint Lucia"
        ]
      },
      "🇲🇫": {
        "tts": [
          "flag: Saint Martin"
        ]
      },
      "🇵🇲": {
        "tts": [
          "flag: Saint-Pierre-et-Miquelon"
        ]
      },
      "🇸🇭": {
        "tts": [
          "flag: Saint Helena"
        ]
      },
      "🇸🇯": {
        "tts": [
          "flag: Svalbard and Jan Mayen"
        ]
      },
      "🇸🇹": {
        "tts": [
          "flag: São Tomé and Príncipe"
        ]
      },
      "🇹🇨": {
        "tts": [
          "flag: Turks and Caicos Islands"
        ]
      },
      "🇹🇹": {
        "tts": [
          "flag: Trinidad and Tobago"
        ]
      },
      "🇻🇨": {
        "tts": [
          "flag: Saint Vincent and the Grenadines"
        ]
      },
      "🇼🇫": {
        "tts": [
          "flag: Wallis and Futuna"
        ]
      }
    }
  }
}
