{
  "annotationsDerived": {
    "identity": {
      "version": {
        "_cldrVersion": "42"
      },
      "language": "en",
      "territory": "GB"
    },
    "annotations": {
      "🙌🏻": {
        "default": [
          "celebration",
          "gesture",
          "hand",
          "hooray",
          "light skin tone",
          "raising hands",
          "woo hoo",
          "yay"
        ]
      },
      "🙌🏼": {
        "default": [
          "celebration",
          "gesture",
          "hand",
          "hooray",
          "medium-light skin tone",
          "raising hands",
          "woo hoo",
          "yay"
        ]
      },
      "🙌🏽": {
        "default": [
          "celebration",
          "gesture",
          "hand",
          "hooray",
          "medium skin tone",
          "raising hands",
          "woo hoo",
          "yay"
        ]
      },
      "🙌🏾": {
        "default": [
          "celebration",
          "gesture",
          "hand",
          "hooray",
          "medium-dark skin tone",
          "raising hands",
          "woo hoo",
          "yay"
        ]
      },
      "🙌🏿": {
        "default": [
          "celebration",
          "dark skin tone",
          "gesture",
          "hand",
          "hooray",
          "raising hands",
          "woo hoo",
          "yay"
        ]
      },
      "🧑🏻‍🏫": {
        "default": [
          "instructor",
          "lecturer",
          "light skin tone",
          "professor",
          "teacher"
        ]
      },
      "🧑🏼‍🏫": {
        "default": [
          "instructor",
          "lecturer",
          "medium-light skin tone",
          "professor",
          "teacher"
        ]
      },
      "🧑🏽‍🏫": {
        "default": [
          "instructor",
          "lecturer",
          "medium skin tone",
          "professor",
          "teacher"
        ]
      },
      "🧑🏾‍🏫": {
        "default": [
          "instructor",
          "lecturer",
          "medium-dark skin tone",
          "professor",
          "teacher"
        ]
      },
      "🧑🏿‍🏫": {
        "default": [
          "dark skin tone",
          "instructor",
          "lecturer",
          "professor",
          "teacher"
        ]
      },
      "🧑🏻‍⚖": {
        "default": [
          "judge",
          "law",
          "light skin tone"
        ]
      },
      "🧑🏼‍⚖": {
        "default": [
          "judge",
          "law",
          "medium-light skin tone"
        ]
      },
      "🧑🏽‍⚖": {
        "default": [
          "judge",
          "law",
          "medium skin tone"
        ]
      },
      "🧑🏾‍⚖": {
        "default": [
          "judge",
          "law",
          "medium-dark skin tone"
        ]
      },
      "🧑🏿‍⚖": {
        "default": [
          "dark skin tone",
          "judge",
          "law"
        ]
      },
      "🧑🏻‍🚒": {
        "default": [
          "fire engine",
          "fire truck",
          "firefighter",
          "light skin tone"
        ]
      },
      "🧑🏼‍🚒": {
        "default": [
          "fire engine",
          "fire truck",
          "firefighter",
          "medium-light skin tone"
        ]
      },
      "🧑🏽‍🚒": {
        "default": [
          "fire engine",
          "fire truck",
          "firefighter",
          "medium skin tone"
        ]
      },
      "🧑🏾‍🚒": {
        "default": [
          "fire engine",
          "fire truck",
          "firefighter",
          "medium-dark skin tone"
        ]
      },
      "🧑🏿‍🚒": {
        "default": [
          "dark skin tone",
          "fire engine",
          "fire truck",
          "firefighter"
        ]
      },
      "🤵🏻": {
        "default": [
          "groom",
          "light skin tone",
          "person",
          "person in tux",
          "person in tuxedo",
          "tuxedo"
        ]
      },
      "🤵🏼": {
        "default": [
          "groom",
          "medium-light skin tone",
          "person",
          "person in tux",
          "person in tuxedo",
          "tuxedo"
        ]
      },
      "🤵🏽": {
        "default": [
          "groom",
          "medium skin tone",
          "person",
          "person in tux",
          "person in tuxedo",
          "tuxedo"
        ]
      },
      "🤵🏾": {
        "default": [
          "groom",
          "medium-dark skin tone",
          "person",
          "person in tux",
          "person in tuxedo",
          "tuxedo"
        ]
      },
      "🤵🏿": {
        "default": [
          "dark skin tone",
          "groom",
          "person",
          "person in tux",
          "person in tuxedo",
          "tuxedo"
        ]
      },
      "🤵🏻‍♂": {
        "default": [
          "light skin tone",
          "man",
          "man in tux",
          "man in tuxedo",
          "tuxedo"
        ]
      },
      "🤵🏼‍♂": {
        "default": [
          "man",
          "man in tux",
          "man in tuxedo",
          "medium-light skin tone",
          "tuxedo"
        ]
      },
      "🤵🏽‍♂": {
        "default": [
          "man",
          "man in tux",
          "man in tuxedo",
          "medium skin tone",
          "tuxedo"
        ]
      },
      "🤵🏾‍♂": {
        "default": [
          "man",
          "man in tux",
          "man in tuxedo",
          "medium-dark skin tone",
          "tuxedo"
        ]
      },
      "🤵🏿‍♂": {
        "default": [
          "dark skin tone",
          "man",
          "man in tux",
          "man in tuxedo",
          "tuxedo"
        ]
      },
      "🤵🏻‍♀": {
        "default": [
          "light skin tone",
          "tuxedo",
          "woman",
          "woman in tux",
          "woman in tuxedo"
        ]
      },
      "🤵🏼‍♀": {
        "default": [
          "medium-light skin tone",
          "tuxedo",
          "woman",
          "woman in tux",
          "woman in tuxedo"
        ]
      },
      "🤵🏽‍♀": {
        "default": [
          "medium skin tone",
          "tuxedo",
          "woman",
          "woman in tux",
          "woman in tuxedo"
        ]
      },
      "🤵🏾‍♀": {
        "default": [
          "medium-dark skin tone",
          "tuxedo",
          "woman",
          "woman in tux",
          "woman in tuxedo"
        ]
      },
      "🤵🏿‍♀": {
        "default": [
          "dark skin tone",
          "tuxedo",
          "woman",
          "woman in tux",
          "woman in tuxedo"
        ]
      },
      "🧑🏻‍🦯": {
        "default": [
          "accessibility",
          "blind",
          "light skin tone",
          "person with guide cane",
          "person with white cane"
        ],
        "tts": [
          "person with guide cane: light skin tone"
        ]
      },
      "🧑🏼‍🦯": {
        "default": [
          "accessibility",
          "blind",
          "medium-light skin tone",
          "person with guide cane",
          "person with white cane"
        ],
        "tts": [
          "person with guide cane: medium-light skin tone"
        ]
      },
      "🧑🏽‍🦯": {
        "default": [
          "accessibility",
          "blind",
          "medium skin tone",
          "person with guide cane",
          "person with white cane"
        ],
        "tts": [
          "person with guide cane: medium skin tone"
        ]
      },
      "🧑🏾‍🦯": {
        "default": [
          "accessibility",
          "blind",
          "medium-dark skin tone",
          "person with guide cane",
          "person with white cane"
        ],
        "tts": [
          "person with guide cane: medium-dark skin tone"
        ]
      },
      "🧑🏿‍🦯": {
        "default": [
          "accessibility",
          "blind",
          "dark skin tone",
          "person with guide cane",
          "person with white cane"
        ],
        "tts": [
          "person with guide cane: dark skin tone"
        ]
      },
      "👨🏻‍🦯": {
        "default": [
          "accessibility",
          "blind",
          "light skin tone",
          "man",
          "man with guide cane"
        ],
        "tts": [
          "man with guide cane: light skin tone"
        ]
      },
      "👨🏼‍🦯": {
        "default": [
          "accessibility",
          "blind",
          "man",
          "man with guide cane",
          "medium-light skin tone"
        ],
        "tts": [
          "man with guide cane: medium-light skin tone"
        ]
      },
      "👨🏽‍🦯": {
        "default": [
          "accessibility",
          "blind",
          "man",
          "man with guide cane",
          "medium skin tone"
        ],
        "tts": [
          "man with guide cane: medium skin tone"
        ]
      },
      "👨🏾‍🦯": {
        "default": [
          "accessibility",
          "blind",
          "man",
          "man with guide cane",
          "medium-dark skin tone"
        ],
        "tts": [
          "man with guide cane: medium-dark skin tone"
        ]
      },
      "👨🏿‍🦯": {
        "default": [
          "accessibility",
          "blind",
          "dark skin tone",
          "man",
          "man with guide cane"
        ],
        "tts": [
          "man with guide cane: dark skin tone"
        ]
      },
      "👩🏻‍🦯": {
        "default": [
          "accessibility",
          "blind",
          "light skin tone",
          "woman",
          "woman with guide cane"
        ],
        "tts": [
          "woman with guide cane: light skin tone"
        ]
      },
      "👩🏼‍🦯": {
        "default": [
          "accessibility",
          "blind",
          "medium-light skin tone",
          "woman",
          "woman with guide cane"
        ],
        "tts": [
          "woman with guide cane: medium-light skin tone"
        ]
      },
      "👩🏽‍🦯": {
        "default": [
          "accessibility",
          "blind",
          "medium skin tone",
          "woman",
          "woman with guide cane"
        ],
        "tts": [
          "woman with guide cane: medium skin tone"
        ]
      },
      "👩🏾‍🦯": {
        "default": [
          "accessibility",
          "blind",
          "medium-dark skin tone",
          "woman",
          "woman with guide cane"
        ],
        "tts": [
          "woman with guide cane: medium-dark skin tone"
        ]
      },
      "👩🏿‍🦯": {
        "default": [
          "accessibility",
          "blind",
          "dark skin tone",
          "woman",
          "woman with guide cane"
        ],
        "tts": [
          "woman with guide cane: dark skin tone"
        ]
      },
      "🧑🏻‍🦼": {
        "default": [
          "accessibility",
          "light skin tone",
          "person in motorized wheelchair",
          "person in powered wheelchair",
          "wheelchair"
        ],
        "tts": [
          "person in powered wheelchair: light skin tone"
        ]
      },
      "🧑🏼‍🦼": {
        "default": [
          "accessibility",
          "medium-light skin tone",
          "person in motorized wheelchair",
          "person in powered wheelchair",
          "wheelchair"
        ],
        "tts": [
          "person in powered wheelchair: medium-light skin tone"
        ]
      },
      "🧑🏽‍🦼": {
        "default": [
          "accessibility",
          "medium skin tone",
          "person in motorized wheelchair",
          "person in powered wheelchair",
          "wheelchair"
        ],
        "tts": [
          "person in powered wheelchair: medium skin tone"
        ]
      },
      "🧑🏾‍🦼": {
        "default": [
          "accessibility",
          "medium-dark skin tone",
          "person in motorized wheelchair",
          "person in powered wheelchair",
          "wheelchair"
        ],
        "tts": [
          "person in powered wheelchair: medium-dark skin tone"
        ]
      },
      "🧑🏿‍🦼": {
        "default": [
          "accessibility",
          "dark skin tone",
          "person in motorized wheelchair",
          "person in powered wheelchair",
          "wheelchair"
        ],
        "tts": [
          "person in powered wheelchair: dark skin tone"
        ]
      },
      "👨🏻‍🦼": {
        "default": [
          "accessibility",
          "light skin tone",
          "man",
          "man in powered wheelchair",
          "wheelchair"
        ],
        "tts": [
          "man in powered wheelchair: light skin tone"
        ]
      },
      "👨🏼‍🦼": {
        "default": [
          "accessibility",
          "man",
          "man in powered wheelchair",
          "medium-light skin tone",
          "wheelchair"
        ],
        "tts": [
          "man in powered wheelchair: medium-light skin tone"
        ]
      },
      "👨🏽‍🦼": {
        "default": [
          "accessibility",
          "man",
          "man in powered wheelchair",
          "medium skin tone",
          "wheelchair"
        ],
        "tts": [
          "man in powered wheelchair: medium skin tone"
        ]
      },
      "👨🏾‍🦼": {
        "default": [
          "accessibility",
          "man",
          "man in powered wheelchair",
          "medium-dark skin tone",
          "wheelchair"
        ],
        "tts": [
          "man in powered wheelchair: medium-dark skin tone"
        ]
      },
      "👨🏿‍🦼": {
        "default": [
          "accessibility",
          "dark skin tone",
          "man",
          "man in powered wheelchair",
          "wheelchair"
        ],
        "tts": [
          "man in powered wheelchair: dark skin tone"
        ]
      },
      "👩🏻‍🦼": {
        "default": [
          "accessibility",
          "light skin tone",
          "wheelchair",
          "woman",
          "woman in powered wheelchair"
        ],
        "tts": [
          "woman in powered wheelchair: light skin tone"
        ]
      },
      "👩🏼‍🦼": {
        "default": [
          "accessibility",
          "medium-light skin tone",
          "wheelchair",
          "woman",
          "woman in powered wheelchair"
        ],
        "tts": [
          "woman in powered wheelchair: medium-light skin tone"
        ]
      },
      "👩🏽‍🦼": {
        "default": [
          "accessibility",
          "medium skin tone",
          "wheelchair",
          "woman",
          "woman in powered wheelchair"
        ],
        "tts": [
          "woman in powered wheelchair: medium skin tone"
        ]
      },
      "👩🏾‍🦼": {
        "default": [
          "accessibility",
          "medium-dark skin tone",
          "wheelchair",
          "woman",
          "woman in powered wheelchair"
        ],
        "tts": [
          "woman in powered wheelchair: medium-dark skin tone"
        ]
      },
      "👩🏿‍🦼": {
        "default": [
          "accessibility",
          "dark skin tone",
          "wheelchair",
          "woman",
          "woman in powered wheelchair"
        ],
        "tts": [
          "woman in powered wheelchair: dark skin tone"
        ]
      },
      "🇧🇱": {
        "tts": [
          "flag: St Barthélemy"
        ]
      },
      "🇰🇳": {
        "tts": [
          "flag: St Kitts & Nevis"
        ]
      },
      "🇱🇨": {
        "tts": [
          "flag: St Lucia"
        ]
      },
      "🇲🇫": {
        "tts": [
          "flag: St Martin"
        ]
      },
      "🇵🇲": {
        "tts": [
          "flag: St Pierre & Miquelon"
        ]
      },
      "🇸🇭": {
        "tts": [
          "flag: St Helena"
        ]
      },
      "🇻🇨": {
        "tts": [
          "flag: St Vincent & the Grenadines"
        ]
      }
    }
  }
}
