{
  "annotationsDerived": {
    "identity": {
      "version": {
        "_cldrVersion": "41"
      },
      "language": "ar",
      "territory": "SA"
    },
    "annotations": {
      "🇦🇨": {
        "tts": [
          "علم: جزيرة أسينشين"
        ]
      },
      "🇪🇦": {
        "tts": [
          "علم: سبتة ومليلية"
        ]
      },
      "🇲🇴": {
        "tts": [
          "علم: ماكاو الصينية (منطقة إدارية خاصة)"
        ]
      },
      "🇲🇸": {
        "tts": [
          "علم: مونتيسيرات"
        ]
      },
      "🇺🇾": {
        "tts": [
          "علم: أوروغواي"
        ]
      }
    }
  }
}
