{
  "license": "Unicode-DFS-2016",
  "bugs": "https://cldr.unicode.org/index/bug-reports#TOC-Filing-a-Ticket",
  "homepage": "https://cldr.unicode.org",
  "version": "42.0.0",
  "packages": [
    {
      "description": "Character annotation data (full)",
      "tier": "full",
      "name": "cldr-annotations-full"
    },
    {
      "description": "Character annotation data (modern only)",
      "tier": "modern",
      "name": "cldr-annotations-modern"
    },
    {
      "description": "Character annotation data, including derived data. (full)",
      "tier": "full",
      "name": "cldr-annotations-derived-full"
    },
    {
      "description": "Character annotation data, including derived data. (modern only)",
      "tier": "modern",
      "name": "cldr-annotations-derived-modern"
    },
    {
      "description": "BCP 47 metadata",
      "name": "cldr-bcp47"
    },
    {
      "description": "CLDR data for Buddhist calendars. (full)",
      "tier": "full",
      "name": "cldr-cal-buddhist-full"
    },
    {
      "description": "CLDR data for Buddhist calendars. (modern only)",
      "tier": "modern",
      "name": "cldr-cal-buddhist-modern"
    },
    {
      "description": "CLDR data for Chinese calendars. (full)",
      "tier": "full",
      "name": "cldr-cal-chinese-full"
    },
    {
      "description": "CLDR data for Chinese calendars. (modern only)",
      "tier": "modern",
      "name": "cldr-cal-chinese-modern"
    },
    {
      "description": "CLDR data for Coptic calendars. (full)",
      "tier": "full",
      "name": "cldr-cal-coptic-full"
    },
    {
      "description": "CLDR data for Coptic calendars. (modern only)",
      "tier": "modern",
      "name": "cldr-cal-coptic-modern"
    },
    {
      "description": "CLDR data for Dangi calendars. (full)",
      "tier": "full",
      "name": "cldr-cal-dangi-full"
    },
    {
      "description": "CLDR data for Dangi calendars. (modern only)",
      "tier": "modern",
      "name": "cldr-cal-dangi-modern"
    },
    {
      "description": "CLDR data for Ethiopic calendars. (full)",
      "tier": "full",
      "name": "cldr-cal-ethiopic-full"
    },
    {
      "description": "CLDR data for Ethiopic calendars. (modern only)",
      "tier": "modern",
      "name": "cldr-cal-ethiopic-modern"
    },
    {
      "description": "CLDR data for Hebrew calendars. (full)",
      "tier": "full",
      "name": "cldr-cal-hebrew-full"
    },
    {
      "description": "CLDR data for Hebrew calendars. (modern only)",
      "tier": "modern",
      "name": "cldr-cal-hebrew-modern"
    },
    {
      "description": "CLDR data for Indian calendars. (full)",
      "tier": "full",
      "name": "cldr-cal-indian-full"
    },
    {
      "description": "CLDR data for Indian calendars. (modern only)",
      "tier": "modern",
      "name": "cldr-cal-indian-modern"
    },
    {
      "description": "CLDR data for Islamic calendars. (full)",
      "tier": "full",
      "name": "cldr-cal-islamic-full"
    },
    {
      "description": "CLDR data for Islamic calendars. (modern only)",
      "tier": "modern",
      "name": "cldr-cal-islamic-modern"
    },
    {
      "description": "CLDR data for Japanese calendars. (full)",
      "tier": "full",
      "name": "cldr-cal-japanese-full"
    },
    {
      "description": "CLDR data for Japanese calendars. (modern only)",
      "tier": "modern",
      "name": "cldr-cal-japanese-modern"
    },
    {
      "description": "CLDR data for Persian calendars. (full)",
      "tier": "full",
      "name": "cldr-cal-persian-full"
    },
    {
      "description": "CLDR data for Persian calendars. (modern only)",
      "tier": "modern",
      "name": "cldr-cal-persian-modern"
    },
    {
      "description": "CLDR data for ROC calendars. (full)",
      "tier": "full",
      "name": "cldr-cal-roc-full"
    },
    {
      "description": "CLDR data for ROC calendars. (modern only)",
      "tier": "modern",
      "name": "cldr-cal-roc-modern"
    },
    {
      "description": "Basic CLDR supplemental data",
      "name": "cldr-core"
    },
    {
      "description": "Data for date/time formatting, including data for Gregorian calendar. (full)",
      "tier": "full",
      "name": "cldr-dates-full"
    },
    {
      "description": "Data for date/time formatting, including data for Gregorian calendar. (modern only)",
      "tier": "modern",
      "name": "cldr-dates-modern"
    },
    {
      "description": "Translated versions of locale display name elements: languages, scripts, territories, and variants. (full)",
      "tier": "full",
      "name": "cldr-localenames-full"
    },
    {
      "description": "Translated versions of locale display name elements: languages, scripts, territories, and variants. (modern only)",
      "tier": "modern",
      "name": "cldr-localenames-modern"
    },
    {
      "description": "Other CLDR data not defined elsewhere (full)",
      "tier": "full",
      "name": "cldr-misc-full"
    },
    {
      "description": "Other CLDR data not defined elsewhere (modern only)",
      "tier": "modern",
      "name": "cldr-misc-modern"
    },
    {
      "description": "Data for number formatting. (full)",
      "tier": "full",
      "name": "cldr-numbers-full"
    },
    {
      "description": "Data for number formatting. (modern only)",
      "tier": "modern",
      "name": "cldr-numbers-modern"
    },
    {
      "description": "Personal Name Formatting (tech preview) (full)",
      "tier": "full",
      "name": "cldr-person-names-full"
    },
    {
      "description": "Personal Name Formatting (tech preview) (modern only)",
      "tier": "modern",
      "name": "cldr-person-names-modern"
    },
    {
      "description": "Rule Based Number Formatting data",
      "name": "cldr-rbnf"
    },
    {
      "description": "Text Segmentation data (full)",
      "tier": "full",
      "name": "cldr-segments-full"
    },
    {
      "description": "Text Segmentation data (modern only)",
      "tier": "modern",
      "name": "cldr-segments-modern"
    },
    {
      "description": "Data for units formatting. (full)",
      "tier": "full",
      "name": "cldr-units-full"
    },
    {
      "description": "Data for units formatting. (modern only)",
      "tier": "modern",
      "name": "cldr-units-modern"
    }
  ]
}
