{
  "supplemental": {
    "version": {
      "_unicodeVersion": "14.0.0",
      "_cldrVersion": "42"
    },
    "grammaticalData": {
      "af-targets-nominal": {},
      "en-targets-nominal": {},
      "fil-targets-nominal": {},
      "ja-targets-nominal": {},
      "ko-targets-nominal": {},
      "lo-targets-nominal": {},
      "ms-targets-nominal": {},
      "my-targets-nominal": {},
      "ne-targets-nominal": {},
      "th-targets-nominal": {},
      "vi-targets-nominal": {},
      "zh-targets-nominal": {},
      "am-targets-nominal": {
        "grammaticalCase": [
          "nominative",
          "accusative"
        ],
        "grammaticalDefiniteness": [
          "definite",
          "indefinite"
        ]
      },
      "ar-targets-nominal": {
        "grammaticalCase": [
          "nominative",
          "genitive",
          "accusative"
        ],
        "grammaticalCase-scope-units": [],
        "grammaticalGender": [
          "masculine",
          "feminine"
        ],
        "grammaticalDefiniteness": [
          "definite",
          "indefinite",
          "construct"
        ]
      },
      "az-targets-nominal": {
        "grammaticalCase": [
          "nominative",
          "genitive",
          "dative",
          "accusative",
          "ablative",
          "locative"
        ],
        "grammaticalCase-scope-units": []
      },
      "ky-targets-nominal": {
        "grammaticalCase": [
          "nominative",
          "genitive",
          "dative",
          "accusative",
          "ablative",
          "locative"
        ],
        "grammaticalCase-scope-units": []
      },
      "uz-targets-nominal": {
        "grammaticalCase": [
          "nominative",
          "genitive",
          "dative",
          "accusative",
          "ablative",
          "locative"
        ],
        "grammaticalCase-scope-units": []
      },
      "bn-targets-nominal": {
        "grammaticalCase": [
          "nominative",
          "accusative",
          "genitive",
          "locative"
        ],
        "grammaticalCase-scope-units": [],
        "grammaticalDefiniteness": [
          "definite",
          "indefinite"
        ]
      },
      "ca-targets-nominal": {
        "grammaticalGender": [
          "masculine",
          "feminine"
        ]
      },
      "es-targets-nominal": {
        "grammaticalGender": [
          "masculine",
          "feminine"
        ]
      },
      "fr-targets-nominal": {
        "grammaticalGender": [
          "masculine",
          "feminine"
        ]
      },
      "it-targets-nominal": {
        "grammaticalGender": [
          "masculine",
          "feminine"
        ]
      },
      "pt-targets-nominal": {
        "grammaticalGender": [
          "masculine",
          "feminine"
        ]
      },
      "cs-targets-nominal": {
        "grammaticalCase": [
          "nominative",
          "genitive",
          "dative",
          "accusative",
          "instrumental",
          "vocative",
          "locative"
        ],
        "grammaticalCase-scope-units": [
          "nominative",
          "genitive",
          "dative",
          "accusative",
          "instrumental",
          "locative"
        ],
        "grammaticalGender": [
          "animate",
          "inanimate",
          "feminine",
          "neuter"
        ],
        "grammaticalGender-scope-units": [
          "inanimate",
          "feminine",
          "neuter"
        ]
      },
      "sk-targets-nominal": {
        "grammaticalCase": [
          "nominative",
          "genitive",
          "dative",
          "accusative",
          "instrumental",
          "vocative",
          "locative"
        ],
        "grammaticalCase-scope-units": [
          "nominative",
          "genitive",
          "dative",
          "accusative",
          "instrumental",
          "locative"
        ],
        "grammaticalGender": [
          "animate",
          "inanimate",
          "feminine",
          "neuter"
        ],
        "grammaticalGender-scope-units": [
          "inanimate",
          "feminine",
          "neuter"
        ]
      },
      "da-targets-nominal": {
        "grammaticalCase": [
          "nominative",
          "genitive"
        ],
        "grammaticalGender": [
          "common",
          "neuter"
        ],
        "grammaticalDefiniteness": [
          "definite",
          "indefinite",
          "unspecified"
        ]
      },
      "de-targets-nominal": {
        "grammaticalCase": [
          "nominative",
          "genitive",
          "dative",
          "accusative"
        ],
        "grammaticalGender": [
          "masculine",
          "feminine",
          "neuter"
        ]
      },
      "el-targets-nominal": {
        "grammaticalCase": [
          "nominative",
          "genitive",
          "accusative",
          "vocative"
        ],
        "grammaticalCase-scope-units": [
          "nominative",
          "genitive",
          "accusative"
        ],
        "grammaticalGender": [
          "masculine",
          "feminine",
          "neuter"
        ]
      },
      "fa-targets-nominal": {
        "grammaticalDefiniteness": [
          "definite",
          "indefinite",
          "construct"
        ]
      },
      "fi-targets-nominal": {
        "grammaticalCase": [
          "nominative",
          "abessive",
          "ablative",
          "adessive",
          "allative",
          "comitative",
          "elative",
          "essive",
          "genitive",
          "illative",
          "inessive",
          "instrumental",
          "partitive",
          "translative"
        ],
        "grammaticalCase-scope-units": [
          "nominative",
          "elative",
          "illative",
          "partitive",
          "genitive"
        ]
      },
      "gu-targets-nominal": {
        "grammaticalCase": [
          "nominative",
          "genitive",
          "accusative",
          "dative",
          "locative",
          "instrumental",
          "vocative"
        ],
        "grammaticalCase-scope-units": [],
        "grammaticalGender": [
          "masculine",
          "feminine",
          "neuter"
        ],
        "grammaticalGender-scope-units": []
      },
      "he-targets-nominal": {
        "grammaticalGender": [
          "masculine",
          "feminine"
        ],
        "grammaticalDefiniteness": [
          "definite",
          "indefinite",
          "construct"
        ]
      },
      "hi-targets-nominal": {
        "grammaticalCase": [
          "nominative",
          "oblique"
        ],
        "grammaticalGender": [
          "masculine",
          "feminine"
        ]
      },
      "pa-targets-nominal": {
        "grammaticalCase": [
          "nominative",
          "oblique"
        ],
        "grammaticalGender": [
          "masculine",
          "feminine"
        ]
      },
      "hr-targets-nominal": {
        "grammaticalCase": [
          "nominative",
          "genitive",
          "dative",
          "accusative",
          "instrumental",
          "vocative",
          "locative"
        ],
        "grammaticalCase-scope-units": [
          "nominative",
          "genitive",
          "accusative",
          "instrumental"
        ],
        "grammaticalGender": [
          "animate",
          "inanimate",
          "feminine",
          "neuter"
        ],
        "grammaticalGender-scope-units": [
          "inanimate",
          "feminine",
          "neuter"
        ]
      },
      "sr-targets-nominal": {
        "grammaticalCase": [
          "nominative",
          "genitive",
          "dative",
          "accusative",
          "instrumental",
          "vocative",
          "locative"
        ],
        "grammaticalCase-scope-units": [
          "nominative",
          "genitive",
          "accusative",
          "instrumental"
        ],
        "grammaticalGender": [
          "animate",
          "inanimate",
          "feminine",
          "neuter"
        ],
        "grammaticalGender-scope-units": [
          "inanimate",
          "feminine",
          "neuter"
        ]
      },
      "hu-targets-nominal": {
        "grammaticalCase": [
          "nominative",
          "ablative",
          "accusative",
          "adessive",
          "allative",
          "causal",
          "dative",
          "delative",
          "elative",
          "essive",
          "illative",
          "inessive",
          "instrumental",
          "sublative",
          "superessive",
          "terminative",
          "translative"
        ],
        "grammaticalCase-scope-units": [
          "nominative",
          "accusative",
          "instrumental",
          "terminative",
          "translative"
        ]
      },
      "hy-targets-nominal": {
        "grammaticalCase": [
          "nominative",
          "ablative",
          "dative",
          "locative",
          "instrumental"
        ]
      },
      "id-targets-nominal": {
        "grammaticalDefiniteness": [
          "definite",
          "indefinite"
        ]
      },
      "is-targets-nominal": {
        "grammaticalCase": [
          "nominative",
          "genitive",
          "dative",
          "accusative"
        ],
        "grammaticalGender": [
          "masculine",
          "feminine",
          "neuter"
        ],
        "grammaticalDefiniteness": [
          "definite",
          "indefinite"
        ]
      },
      "kk-targets-nominal": {
        "grammaticalCase": [
          "nominative",
          "genitive",
          "dative",
          "accusative",
          "instrumental",
          "ablative",
          "locative"
        ],
        "grammaticalCase-scope-units": []
      },
      "tr-targets-nominal": {
        "grammaticalCase": [
          "nominative",
          "genitive",
          "dative",
          "accusative",
          "instrumental",
          "ablative",
          "locative"
        ],
        "grammaticalCase-scope-units": []
      },
      "kn-targets-nominal": {
        "grammaticalCase": [
          "nominative",
          "genitive",
          "accusative",
          "dative",
          "locative",
          "instrumental",
          "vocative"
        ],
        "grammaticalCase-scope-units": [
          "nominative",
          "genitive",
          "accusative",
          "dative",
          "locative"
        ],
        "grammaticalGender": [
          "masculine",
          "feminine",
          "neuter"
        ],
        "grammaticalGender-scope-units": [
          "neuter"
        ]
      },
      "lt-targets-nominal": {
        "grammaticalCase": [
          "nominative",
          "genitive",
          "dative",
          "accusative",
          "instrumental",
          "vocative",
          "locative"
        ],
        "grammaticalCase-scope-units": [
          "nominative",
          "genitive",
          "dative",
          "accusative",
          "instrumental",
          "locative"
        ],
        "grammaticalGender": [
          "masculine",
          "feminine"
        ]
      },
      "lv-targets-nominal": {
        "grammaticalCase": [
          "nominative",
          "genitive",
          "dative",
          "accusative",
          "vocative",
          "locative"
        ],
        "grammaticalCase-scope-units": [
          "nominative",
          "genitive",
          "dative",
          "accusative",
          "locative"
        ],
        "grammaticalGender": [
          "masculine",
          "feminine"
        ]
      },
      "ml-targets-nominal": {
        "grammaticalCase": [
          "nominative",
          "genitive",
          "dative",
          "accusative",
          "instrumental",
          "locative",
          "comitative",
          "locativecopulative",
          "sociative"
        ],
        "grammaticalCase-scope-units": [],
        "grammaticalGender": [
          "animate",
          "inanimate",
          "feminine",
          "neuter"
        ],
        "grammaticalGender-scope-units": []
      },
      "mr-targets-nominal": {
        "grammaticalCase": [
          "nominative",
          "accusative",
          "dative",
          "ergative",
          "locative",
          "ablative",
          "genitive"
        ],
        "grammaticalGender": [
          "masculine",
          "feminine",
          "neuter"
        ]
      },
      "nb-targets-nominal": {
        "grammaticalCase": [
          "nominative",
          "genitive"
        ],
        "grammaticalGender": [
          "masculine",
          "feminine",
          "neuter"
        ],
        "grammaticalDefiniteness": [
          "definite",
          "indefinite"
        ]
      },
      "nn-targets-nominal": {
        "grammaticalCase": [
          "nominative",
          "genitive"
        ],
        "grammaticalGender": [
          "masculine",
          "feminine",
          "neuter"
        ],
        "grammaticalDefiniteness": [
          "definite",
          "indefinite"
        ]
      },
      "no-targets-nominal": {
        "grammaticalCase": [
          "nominative",
          "genitive"
        ],
        "grammaticalGender": [
          "masculine",
          "feminine",
          "neuter"
        ],
        "grammaticalDefiniteness": [
          "definite",
          "indefinite"
        ]
      },
      "nl-targets-nominal": {
        "grammaticalGender": [
          "common",
          "neuter"
        ]
      },
      "pl-targets-nominal": {
        "grammaticalCase": [
          "nominative",
          "genitive",
          "dative",
          "accusative",
          "instrumental",
          "vocative",
          "locative"
        ],
        "grammaticalCase-scope-units": [
          "accusative",
          "genitive",
          "nominative"
        ],
        "grammaticalGender": [
          "animate",
          "inanimate",
          "personal",
          "feminine",
          "neuter"
        ],
        "grammaticalGender-scope-units": [
          "inanimate",
          "feminine",
          "neuter"
        ]
      },
      "ro-targets-nominal": {
        "grammaticalCase": [
          "nominative",
          "genitive"
        ],
        "grammaticalGender": [
          "masculine",
          "feminine",
          "neuter"
        ],
        "grammaticalDefiniteness": [
          "definite",
          "indefinite"
        ]
      },
      "ru-targets-nominal": {
        "grammaticalCase": [
          "nominative",
          "genitive",
          "dative",
          "accusative",
          "instrumental",
          "prepositional",
          "vocative",
          "locative"
        ],
        "grammaticalCase-scope-units": [
          "nominative",
          "accusative",
          "dative",
          "genitive",
          "prepositional",
          "instrumental"
        ],
        "grammaticalGender": [
          "masculine",
          "feminine",
          "neuter"
        ]
      },
      "si-targets-nominal": {
        "grammaticalCase": [
          "nominative",
          "genitive",
          "ablative",
          "accusative",
          "dative"
        ],
        "grammaticalCase-scope-units": [],
        "grammaticalGender": [
          "masculine",
          "feminine",
          "neuter"
        ],
        "grammaticalGender-scope-units": [],
        "grammaticalDefiniteness": [
          "definite",
          "indefinite"
        ]
      },
      "sl-targets-nominal": {
        "grammaticalCase": [
          "nominative",
          "genitive",
          "accusative",
          "dative",
          "instrumental",
          "locative"
        ],
        "grammaticalGender": [
          "masculine",
          "feminine",
          "neuter"
        ]
      },
      "sv-targets-nominal": {
        "grammaticalCase": [
          "nominative",
          "genitive"
        ],
        "grammaticalGender": [
          "common",
          "neuter"
        ],
        "grammaticalDefiniteness": [
          "definite",
          "indefinite"
        ]
      },
      "ta-targets-nominal": {
        "grammaticalCase": [
          "nominative",
          "genitive",
          "accusative",
          "dative",
          "locative",
          "instrumental",
          "ablative",
          "vocative"
        ],
        "grammaticalCase-scope-units": [
          "nominative",
          "accusative",
          "dative",
          "ablative"
        ]
      },
      "te-targets-nominal": {
        "grammaticalCase": [
          "nominative",
          "oblique",
          "accusative",
          "dative",
          "locative",
          "instrumental"
        ],
        "grammaticalCase-scope-units": []
      },
      "uk-targets-nominal": {
        "grammaticalCase": [
          "nominative",
          "genitive",
          "dative",
          "accusative",
          "instrumental",
          "vocative",
          "locative"
        ],
        "grammaticalCase-scope-units": [
          "nominative",
          "genitive",
          "accusative",
          "dative",
          "locative",
          "instrumental"
        ],
        "grammaticalGender": [
          "masculine",
          "feminine",
          "neuter"
        ]
      },
      "ur-targets-nominal": {
        "grammaticalCase": [
          "nominative",
          "oblique"
        ],
        "grammaticalCase-scope-units": [],
        "grammaticalGender": [
          "masculine",
          "feminine"
        ]
      },
      "de": {
        "deriveCompound-feature-gender-structure-per": "0",
        "deriveCompound-feature-gender-structure-power": "0",
        "deriveCompound-feature-gender-structure-prefix": "0",
        "deriveCompound-feature-gender-structure-times": "1",
        "deriveComponent-feature-case-structure-per": {
          "_value1": "accusative",
          "_value0": "compound"
        },
        "deriveComponent-feature-case-structure-power": {
          "_value1": "compound",
          "_value0": "nominative"
        },
        "deriveComponent-feature-case-structure-prefix": {
          "_value1": "compound",
          "_value0": "nominative"
        },
        "deriveComponent-feature-case-structure-times": {
          "_value1": "compound",
          "_value0": "nominative"
        },
        "deriveComponent-feature-plural-structure-per": {
          "_value1": "one",
          "_value0": "compound"
        },
        "deriveComponent-feature-plural-structure-power": {
          "_value1": "compound",
          "_value0": "one"
        },
        "deriveComponent-feature-plural-structure-prefix": {
          "_value1": "compound",
          "_value0": "one"
        },
        "deriveComponent-feature-plural-structure-times": {
          "_value1": "compound",
          "_value0": "one"
        }
      },
      "fr": {
        "deriveCompound-feature-gender-structure-per": "0",
        "deriveCompound-feature-gender-structure-power": "0",
        "deriveCompound-feature-gender-structure-prefix": "0",
        "deriveCompound-feature-gender-structure-times": "0",
        "deriveComponent-feature-plural-structure-per": {
          "_value1": "one",
          "_value0": "compound"
        },
        "deriveComponent-feature-plural-structure-power": {
          "_value1": "compound",
          "_value0": "compound"
        },
        "deriveComponent-feature-plural-structure-prefix": {
          "_value1": "compound",
          "_value0": "one"
        },
        "deriveComponent-feature-plural-structure-times": {
          "_value1": "compound",
          "_value0": "compound"
        }
      },
      "und": {
        "deriveCompound-feature-gender-structure-per": "0",
        "deriveCompound-feature-gender-structure-power": "0",
        "deriveCompound-feature-gender-structure-prefix": "0",
        "deriveCompound-feature-gender-structure-times": "1",
        "deriveComponent-feature-case-structure-per": {
          "_value1": "nominative",
          "_value0": "compound"
        },
        "deriveComponent-feature-case-structure-power": {
          "_value1": "compound",
          "_value0": "nominative"
        },
        "deriveComponent-feature-case-structure-prefix": {
          "_value1": "compound",
          "_value0": "nominative"
        },
        "deriveComponent-feature-case-structure-times": {
          "_value1": "compound",
          "_value0": "nominative"
        },
        "deriveComponent-feature-plural-structure-per": {
          "_value1": "one",
          "_value0": "compound"
        },
        "deriveComponent-feature-plural-structure-power": {
          "_value1": "compound",
          "_value0": "one"
        },
        "deriveComponent-feature-plural-structure-prefix": {
          "_value1": "compound",
          "_value0": "one"
        },
        "deriveComponent-feature-plural-structure-times": {
          "_value1": "compound",
          "_value0": "one"
        }
      }
    }
  }
}
