{
  "supplemental": {
    "version": {
      "_unicodeVersion": "14.0.0",
      "_cldrVersion": "42"
    },
    "languageGroups": {
      "aav": "bbh bfw bru brv hre irr kdt ktv kuf mkh mmj mun ncq ngt nyl oog pac phg ply sct sss tth tto zng",
      "afa": "aal ber btf bvw bxe cdc ckq cop cus glo hdy hig hss hwo jaf kbz kul kvj mes mlw mmf mub omv sem tdk tsh ttr xdm",
      "alg": "aaq abe alq arp atj ats bla chy ciw cr crj crk crl crm crr csw del etc kic mez mia mic mjy moe nnt nsk oj ojb ojc ojs ojw otw pim pot pqm psy qyp sac sjw unm wam xlb xlo xnt xpq",
      "alv": "aaa aab aba abi abm abn abo abr abu acd acp ada ade adj adq adu afn afu agb agc agq aha ahl ahp aik aiy ajg ak akd akf akp aku ala anf ann anv anw any aqd aqk asg asj ass ati ato aug avi avn awc ayb ayg ayi ayu azo bab bad baf bai bau bax bba bbk bbp bbs bbu bcb bce bcg bci bcn bcs bcv bcz bda bdj bdt bec beh bes bfd bfl bfo bga bgf bgj bgu bif bim bin biv bjg bjt bju bkc bkm ble blo bly bme bmf bmq bnt bnz boe bok bom bov box bqa bqj brm brt bsc bse bsp bsx btc bud buy buz bvi bvj bwh bwj bwy byb byc byf byj bzv bzw bzz cae cbj cbo cbq ccg cch ccj cfd cib cko cli cll cou cpn cry cwt dag dai dam dbg dbi dbm dbo dbt dbu dbv dbw dds deg deq dga dgb dgd dgi dir djm dmb dmm doh doo dop doy dtk dtm dto dts dtu dur duz dya dyi dym dyo dza ebg ebr ee efa efi ega ego ehu eja eka eke eki ekm ekp ekr elm ema emn enn env enw eot epi erh esm etb ets etu etx evh eza eze fah fak fal fam fap fer ff fir fll fni fod fon fub fue fuf fuh fuj fum fuq fuv gaa gba gbg gbh gbp gbq gbr gbs gbx gby gdi ged gej gel geq gix gjn gke gkn glc gmd gmm gmz gnh gnz gol gox goy grh gsl gso gua gur guw gux gvm gwa gwb gwx gye gyg hag hhr hoe ibb ibe ibm ibn ibr ich idc ide idr ids idu ig igb igl ihi ijo iki ikk iko ikw ilv iqw ish isi iso isu itm its itw izr izz jab jer jgk jid jjr jku jmr jms jni juh juk juo juw kaj kbp kcc kcg kcj kdh kdm kdx kdz kef ken kes keu kez kfl kfn kgt khj kia kid kkm kku klc klk klo kma kmi kmy knf knp kou kov kow kph kpk kpl kpo kqg kqk kqm kqs krh kro krp krx ksa kss kub kvm kxb kye kza kzc kzr lan lar las ldg ldh ldm ldq lee lef lgq lia lip lma lmp lob lof lro luq mae mbv mcj mcs mcu mdd mea mfc mfd mff mfn mfq mfv mgj mgn mgo mhk mij mkl mko mlo mma mmu moj mor mos mql mru msj msw mtk mua muc muo mxl myg myj myk mzk mzm mzv mzw naj nat naw nbm nbo nbp nbr nbv nbw ncr ncu ndd ndi ndr ndt ndv ndz ned nfr nfu nga ngb nge ngg ngv nhu nie nin njr nko nkq nku nkz nlu nmj nmr nmz nnu nnw noy nqk nsc nti ntm nuh nuv nvo nyb nza nzi nzz obu oda odu ofu ogb ogc ogg ogo ogu okb oke oku opa orx otr pbl pbo pbp pcn pil pmb png pnl pnq pny pnz pug pwb pym res ruy saf sav scv sde sev sfw sg sha shw shz sig sil snf snj snw soy spp sqm srr ssl swf sxw tbm tbz tcd tde tdl tem tfi tgw tgy thy tik tiq tiv tkq tnr toz tsp tsw ttb ttf tug tui tuz tvd twn uda uiv ukw ula umm urh usk uta uth utr uya vag vit vor vut wbf wci wem wib wlx wo wof wom wrn wss wwa www xab xkb xmb xoc xrb xsm xsn xwe xwl yam yav yay yaz yba ybj ybl yer yky yng ynq yo zna",
      "apa": "apj apk apl apm apw nv",
      "aqa": "alc",
      "aql": "alg wiy yur",
      "art": "afh avk bzt dws eo ia ie igs io jbo ldn lfn neu nov qya rmv sjn tlh tok tzl vo zba zbl",
      "ath": "aht apa bcr bea caf chp clc coq crx den dgr gce gwi haa hup ing kkz koy ktw kuu mvb qwt scs sek srs taa tau tcb tce tfn tgx tht tol ttm tuu txc wlk xup",
      "auf": "aru cul dny jaa pad swx",
      "aus": "adg adt aea aer aid alh aly amx amy amz ant ard are avm awg awk axe axl ayd bck bdy bia bjb bjy bpt bxi bxj bxn bym bzr dax dbl dda ddj dhg dhl dhr dhu dhx dif dja djb djd djf dji djr dmd dmw drl dth dwu dwy dyn dyy dze eaa fln gbb gbd gbu gbw gdc gdh gdj gdt ggd gia gih gjm gko gll gni gnl gnn gnr gtu gue guf gvn gvy gwm gwu gyf gyy hrp iin ikr jan jao jay jbi jig jui kbe kdd kgl kgs kjn kkp kky kld ktd ktg kux kuy lby lja ljw lku llj lnj lnw mem mep mpj mvl mwf mwp nam nay nbj ngk nha nhf nji nju nly nmv nnr nrk nrl ntg ntj nwg nwo nxn nys nyt nyx okg olk pit piu pkn pnj pnv pnw pti rbp rit rkw rnr rrt rsm rxd rxw tbh tgz thd tju tjw typ ugb uky umd umg ump urf uwa vka vku vma vmb vml vmu wbp wbt wbv wdj wdk wdu wga wgg wgu wgy wie wig wih wij wik wim wkw wky wmb wmi wmt wnm wnn wrb wrg wrh wri wrl wrm wrw wth wua wyb wyi xbb xbe xbg xbp xby xda xdk xgd xgg xgi xgm xgw xjb xmh xmp xmy xni xnk xnu xny xpa xpj xpt xrd xrg xth xul xut xwd xwj xwk xwt xww xya xyj xyk xyt xyy yda yga yia yii yij yil ylr ynd yrm yry yty yub ywg yww yxg yxl zku zmc zmk zmu zmv",
      "awd": "aca ame aox apu arw avo bae brg bvv bwi cab cbb ccc cjo cni cot cox cpc crb cuj gae gqn guc ign inp kav kgm kpc mcb mht mmh mpd mpw mzx not pab pbg pib pio plu pnk rgr sar tae ter tnq trn unk wap wau xir yaw ycn yvt",
      "azc": "chl cok com crn cup hch hop lui mfy mnr nah ncx nhi npl ntp ood opt pao par pia ser shh stp tac tar tbu tcu tep thh tla tub twr ute var xaw xgf xpo yaq",
      "bad": "bjo kuw lna lnl mnh nue tor",
      "bai": "bbj bko byv fmp jgo nla nnh nnz nwe xmg ybb",
      "bat": "lsl lt ltg lv ndf olt prg sgs svx sxl xcu xgl xsv xzm",
      "ber": "auj cnu gha gho gnc grr jbe jbn kab mzb nxm oua rif sds shi shy siz sjs swn taq tez thv thz tia tjo tmh tzm zen zgh",
      "bnt": "abb agh asa auh axk bag bas bbg bbi bbx bdp beb bem beq bez bip biz bja bkf bkh bkj bkw bli blv bmb bmg bml bmv bng bni bnm boh bou boy bqm bqu bqz brf bri brl bsi bss buf bui bum buu bvb bvx bwc bwg bwt bww bxg bzm cce cgg chw cjk cwa cwe dav dde dez dhm dhs dig dii diu diz dma dmx dne doe dov dua dug dzn ebo ebu eko eto ewo fip flr fom fwe gev gey gmx gog guz gwe gyi haq hav hay hba heh hem hij hke hol hoo hz ifm ikz ilb isn iyx jit jmc job kam kbj kbs kck kcu kcv kcz kdc kde kdn keb ked kel kg khu khx khy ki kiv kiz kki kkj kkw kmb kme kmw kny koo koq kqn ksb ksf ksv ktf ktu kty kuj kwn kws kwu kwy kzn kzo kzy lag lch ldi lea lel lfa lg lgm lie lik lke llb lli ln lnb lnz lol loq loz lse lsm lu lua lue luj lum lun luy lyn mbo mck mcp mdt mdw mer mfo mfu mgg mgh mgq mgr mgs mgv mgw mgy mhb mhd mho mhw mjh mkk mkw mlk mmz mny mow mpa mvw mwe mws mwz mxc mxg mxo myc mye myx mzd nba nd ndc ndh ndj ndq ndw ng ngc ngl ngp nih nim njd njx njy nka nkn nkt nkv nle nmg nmq nnb nne nnq noq now nql nr nra nse nso nsx nte ntk nto nui nuj nxi nxo ny nyc nye nyf nyg nyj nyk nym nyn nyo nyr nyu nyy nzb nzd nzu okc olu ozm pae pbr pem phm pic piw pkb pnd pof poy ppp puu rag rim rn rnd rng rof rub ruc ruf rui rw rwk rwm sak sbk sbm sbp sbs seg seh shq shr sie skt slx smx sn snq soc soo sop soz ss ssc st sub suj suk suw sw swb swj swk sxb sxe syi szv tap tbt tck tek tga thk tke tlj tll tmv tn tog toh toi ts tsc tsv ttj tum tvs tvu twl two twx tyi tyx ukh umb vau ve vid vif vin vmk vmr vmw vum vun wbh wbi wdd wlc wmw wni wum wun xdo xh xku xkv xma xmc xog xsq yaf yao yax yel yey yko ymg ymk yns yom zaj zdj zga zin ziw zmw zmx zu",
      "btk": "akb bbc btd btm bts btx btz",
      "cau": "agx akv ani aqc av bbl bdk bph ccn ccs ce cji dar ddo gdo gin huz inh kap khv kjj kpt kry kva lbe lez rut tab tin tkr udi xag",
      "cba": "arh brn bzd cbg chb cjp cuk gut gym kog kvn mbp mot pay rma sab tbn tfr tnb tnd",
      "ccn": "ab abq ady kbd uby",
      "ccs": "jge ka lzz oge sva xmf",
      "cdc": "ajw anc ank bcw bcy bde bdm bdn bid bol bta bvf bvh bwr bwu bxq ckl cky cla daa dbb dbq dot dwa fie fkk fli gab gde gdk gdu gea gek gew gid gis giz glw gnd gqa grd gwn ha hed hia hna jeu jie jim jmb jmi juu kai kcs ker kil kna kof kot kpa kqx kso ksq kuh kvf kvi ldd lln lme maf mcn mcw mew mfl mif mkf mlj mmy moz mpg mpi mpk mqb mse msv mug muj muy mxf mxu nbh ndm ngi ngw ngx nja nnc nnn pbi pip piy plj pqa saa say scw sir sok sor sur swq swy tak tan tax tmc trj ubi udl xed xmj zah zaz zim ziz zns zrn zua zuy",
      "cdd": "ari cad kii paw wic",
      "cel": "br cnx cy ga gd gv kw mga nrc obt owl pgl sga sth wlm xbm xcb xce xga xlp xpi",
      "cmc": "ace cja cje cjm hro huq ibh jra ocm rad rgs rog",
      "cpe": "afs aig bi bzj bzk cpi djk fpe gcl gul gyn hwc icr jam kri kww ngm pcm pih pis rop srn tch tcs tpi trf vic wes",
      "cpf": "acf cks crs gcf gcr ht lou mfe rcf scf",
      "cpp": "aoa cri fab idb kea mcm mzs pov pre",
      "csu": "aja avu bdh bex blm bmi bot bvq bxv dsi efe fgr fuu gbn gqr hor jyy kah kcm krs kwg kwv kxj lap led les lgg lmi log mdi mdj mgc mge mhi mne mwm mwu myb ndp niy nwm sba sbz snm yul",
      "cus": "aa aas ahg arv awn bds bej bji bnl bob bsw byn dal dox drs dsh elo gax gdl gex gow gwd hae irk kxc om orc rel sid so ssn ssy tqq tsb wbj wka xan ymm",
      "day": "bei bth byd lra sdo sne sre",
      "dmn": "bbo bib bm boo boz bqc bqp bwq bxl bxw bze bzx cpo dnj dnn dux dyu ggu gkp gnj goa jek jod jud kao kfo kga knk kno knu kpe lig llc lok lom man men mku mlq moa msc mwk mxx mzj rkm sbd sho skq snk sos stj sus sym tjn tod vai xgb xkg yal zil",
      "dra": "aaf all bfq bha brh brw cde ctt era gau gdb hoy ima iru kej kep kev kfa kfb kfd kfe kfh kfi kmj kn kpb kru mjo mjp mjq mjr mjt mju mjv ml mmk muv nbg nit oty pcf pcg pci pkr ptq pty sle ta tcx tcy te thn udg ull url vis vmd wkb wkl wku xis xua xub xuj yea yeu ymr",
      "esx": "ale esi ik ikt iu kl ypk ysr",
      "euq": "eu",
      "fiu": "chm et fi fit fkv izh koi krl kv liv lud mdf mrj myv olo smi udm vep vot vro zkv",
      "fox": "ami bnn byq bzg ckv dru fos kae ppu pwn pyu ssf sxr szy tay trv tsu tvx xnb xsy",
      "gem": "gme gmq gmw",
      "gme": "got xvn",
      "gmq": "da fo is jut nb nn no ovd sv",
      "gmw": "act af ang bar cim dcr de drt dum en enm frk frr frs fy gct geh gmh gml goh gos gpe gsw hrx ksh lb li lng mhn nds nl odt ofs oor osx pdc pdt pfl sco sdz sli sth stl stq swg vel vls wae wep wym yec yi yih yol zea",
      "grk": "cpg el gmy grc pnt tsd",
      "hmx": "bje bmt bpn buh bwn bwx cqd hmc hmd hme hmf hmg hmh hmi hml hmn hmv hmy hnj huj ium mji mmr muq mww neo pha pnu shx",
      "hok": "acv atw boi chd cid clo coc coj crz dih esq inz kju klb kyh mov mrc obi peb pef pej peq pom poo ppi puy sei sht sln veo was ynn yuf yum",
      "iir": "ask bsh inc ira prn trm wbk xvi",
      "ijo": "iby ijc ije ijn ijs nkx okd okr orr",
      "inc": "aee aeq ahr anp as awa bdv bfy bfz bgc bgq bgw bha bhb bhd bhe bhi bho bjj bkk bn bns bpy bra btv ccp cdh cdj cih clh ctg dcc dhw dmk dml doi dty dub duh dv dwz emx gbk gbl gbm gda ghr gig gjk gju glh goj gom gu gwc gwf gwt hi hif hii hlb hne hns jog kbu keq key kfr kfy khn khw kls kok kra ks kxp kyw lrk lss luv mag mai mjz mkb mke mki mr mtr mvy mwr ne nhh nli nlm nlx noi or ort paq pcl pgg phl pld plk pra prp psh psi pwr raj rei rge rhg rjs rkt rmc rmf rml rmn rmq rmt rmw rom rsb rtw rwr saz sbn sck scl sd sdg sdr si sjp skr smm soi spv srx sts swv syl tdb the thl thq thr tkb tkt tnv tra trw ur ved wry wtm xnr",
      "ine": "aae aat aln axm bat cel gem grk hit hlu htx hy hyw iir imy itc nei oht plq rmd rmu scx sla sq sxo txb txh xcr xdc xil xlc xld xlg xli xln xls xlu xmk xpg xps xsd xto yms",
      "ira": "ae aiq atn avd bal bgn bgp bhh bjm bqi bsg ckb def esh fa fay glk goz gzi hac haz hrz isk jdt jpr kfm kgn kho kiu ktl ku lki lrc lrl lsa luz mnj mzn ntz nyq okh oru os pal pbt peo prc ps pst rat rdb sdb sdf sdh sgh sgr sgy shm siy smy sog soj sqo srh srz tg tks tly tov ttt vaf vmh wbl wne xbc xco xkc xkj xkp xme xpr xsc yah yai ydg ysc zum zza",
      "iro": "cay chr lre moh ntw one ono see sqn tus",
      "itc": "la osc roa spx umc xae xfa xhr xum xve xvo xvs",
      "jpx": "ja",
      "kar": "blk bwe eky ghk jkm jkp kjp kjt ksw kvl kvq kvu kxf pdu pwo pww wea",
      "kdo": "acz eli lmd taz tlo",
      "khi": "gku gnk gwj hgm hio hnh hts huc knw kqu kqz ktz kwz naq ngh nhr nmn sad shg tyu vaj xam xii xuu",
      "kro": "ahm ald bet bev bsq btg das dee dic gec ggb god grb grj grv gud gxx krw ktj kwp kyf ney nwb pye ted wec",
      "map": "aaw agn agz bbn bew bnd coa don fox iba kvo kzl laz lbq lnd mli mqx mth mvp mvv myw osi pea plc plw poz put pwm riu rjg sew slu snc tkd trb trx tvm wah waz wrx ymn",
      "mkh": "aem bgk bgl blr brb btq caq cbn cmo cog crv crw cwg dnu hkn hnu huo jah jhi kha kjg kjm km kns kpm krr krv kxm lbn lcp lnh lwl mhe mlf mml mnq mnw mqt mra mtq mzt ncb nik nuo oyb pbv pcb pce pkt pll pnx prk prt rbb ril rka rmx sbo scb scq sea sed smu sqq ssm stg sti stt sxm syo sza szc tdf tea tef tgr thm tlq tmo tnz tou tpu tyh ukk uuu vi vwa wbm xao xkk xko xnh yin",
      "mno": "cgc mbb mbd mbi mqk msm mta",
      "mul": "aav afa aqa aql art auf aus awd azc cau cba cdd cpe dra esx euq hmx hok ine iro jpx khi map myn nic omq paa sal sgn sio sit ssa tai tup tut tuw urj wak xnd",
      "mun": "agi asr biy cdz ekl gaq gbj hoc jun kfp kfq khr ksz mjx pcj sat srb trd unr",
      "myn": "acr agu caa cac cak chf cob ctu emy hus itz ixl jac kek kjb knj lac mam mhc mop poc poh quc qum quv toj ttc tzh tzj tzo usp yua",
      "nah": "azd azn azz naz nch nci ncj ncl ngu nhc nhe nhg nhm nhn nhp nhq nht nhv nhw nhx nhy nhz nlv nsu nuz ppl",
      "ngb": "sg",
      "ngf": "aac abg abz adn aez ahh aip asx asy ate auu auy aws awu awv bbb bbr bdf beu bfn bhl bie bir bjz bmh bmp bmu bmz bop boq bql bwk bxz cns dah daz ddg dev dge dgx diy dna dni dnt dnw dof dui duk eip ekg ena enq eri fad fag fai faj fiw foi for frq gaf gah gaj gao gap gaw gcn gka gmg grg gsn gvf hhi hhy hmu imo ipo irx iwo jbj jka kbk kbq kcb kco kdw kew kgf kgq khe kjy kkl klp klt klz kpq kpx kqi kti kts ktt kue kvd kvw kwr kyo kyy kzm kzv lev luf mbw mcz med mgu mhf mjj mlh mmq mpt mpv mqv mrz mso msx msz mtc mtg mtv mux mvq mze nbk nca nec nej net nkg nkj nks nlc nlk nnf nps nwr nxr oia okv omw opk opm pda pla pmr prw psa rmp rwo sbq sej smc sra sst ssu stm sue sug sui swm swt szb tbg tbv tif tkx tlf tml tnh tpg twg ubu ufi uhn ukg urm usu wei whg wmc wms wnc wng wno wnu woi wrv wtf xow xsp xte yac ybm ygm ygr yir yli yon yrb yrw ytw",
      "nic": "afe alf alv aqg baw bff bka bkv bky btt bun bxc bza bzy dmn gng kdo kfz kni kus lam maw mev mwn nqo old ras syx tag tny uba ukp xon xxb znd",
      "nub": "dgl dil drb elh fia ghl kdu kko onw wll xnz",
      "omq": "amu azg azm cco chj chq chz cip cly cnl coz csa cso cta cte ctl ctp ctz cuc cut cux cvn czn ixc jmx mab maj maq mat mau mce mdv mib mie mig mih mii mil mim mio mip miu mix miy miz mjc mks mom mpm mqh mtu mtx mvg mxa mxb mxs mxt mxv mxy ocu oto pbe pbf pbs pca pei pls pmq pmz poe pow pps sut tcf tpc tpl tpx trc trq trs vmc vmm vmq vmx xta xtb xti xtj xtl xtn xtt xtu xty zaa zab zac zad zae zaf zam zao zap zaq zar zas zat zav zaw zoo zpb zpc zpd zpe zpf zph zpi zpl zpm zpo zpp zpq zpr zps zpt zpu zpw zpy zpz zsr zte ztg ztm ztn ztp ztq ztt ztx zty",
      "omv": "aiw amf bcq bst bwo cra dim doz dwr gmv gof gyl jnj kbr kcx kqy kxh mdy mfx myo oyd wal zay",
      "oto": "maz mmc ote otl otm otn otq ots ott otx otz",
      "paa": "aad aag aah aau adb ado aew afd afi afk afp afz agl ago aif ail aki akq alx amn amp anj anz aod aof aog aoj aon aos ape auk aun auw avt awr aww aya ayq beo bey bit bnw bow bqq bqs brq bry buo but bvn bye byx bzf can cjn dbf dia dju dnd dol duv eit ele elk ert etr fau flh gai gak gbe gbf gbi gcc geb gnu grq ham ian ibu igg igm imn iwm iws jet kax kcd kct keh kih kiy kjx kkb kkc klq kmn kmo kms kmx knr kps kqa krz kwj kxq kxt kxw kyx kzz lei lgt lkl lnm loa lpe mbx mcr mej mfw mgt mkc mle mmi mok mqs msg msy mtf mty mwb mxn mxw mzu nac naf nas nby ncm nco ner nex ngf nib nii niz nkm nmx nnk nnm nqn nud nux oin okk omo ong onk onr osu pgi pgu pin psq pup rac rao ret rhp rmh rmk roo saj sbg sbi sdk sim siq siu siv siw six skc skm sll smb smf smg smq snr snu snx sny snz sow spi spk spm ssd ssj ssx stf tad tbp tbs tby tci tcq tds tei tft tgu tlb tmu tqm tsx tua tuj tvo tyn tzx uis upi urg uri uro urt urx utu van waj wax wbe wdg wgi wii wli wmo wnb wnp wog wos wrs wtk xbi xoi xop xrw xse yde yee yev ygl yis yla ylg yll ynl yss ywa yyu zmh zuh",
      "phi": "abd agk agt agy akl alj aqn atk atl atm atp att atz ayt azt bfx bik bks blf bln bnc bnj bno bnq bpr bps btn bto btw bvy bya ceb cps cts cyo daw dgc dul duo ebk fbl fil gad gdg gor hil ibg ibl ifu ify ilk ilm ilo ilp inn iry isd iti itt itv ity ivb ivv kak klg kll kmd kmk kml knb kne kqe krj ksc kyj kyk kyn laa lbl llq loc mdh mmn mno mog mrw mry msb msk mtw obk pag pam plv rbk rbl rol rth sbl sgb sgd skn smk snl srg srv stb suc sxn syb tao tbk tbl tbw tdn tdy tgn tgt tis tiu tnt tnw tom tsg twb txs ubl vbk war xnn xsb",
      "plf": "aaz alo alp amq amv aoz apx asl baj bay bgy bkx bvt bzn emw frd gal hbu heg hrk hti huk huw idt ilu jal jmd kei kem kje krd kuv kvp kvv kwh kzb kzd kzx lcd lcl lcq lex lhh lka llg lox lti lva mgm mhs mss mxz nae nil nni nxa nxl oni plh rgu row sgu skz spb spr srw sve sws szn tdt tet tev tlt tlu tlv tre tve twu txn txq tzn udj urn vme weo wet wha wmh",
      "poz": "adr akg aol beg bhp bhr bhv bmm bny buc bzc day dro dun duq duw end hvn ila kdg kge kod ksx kuk kvh kxn kyd kyi kys kzi lbx lgi ljl llk lmq lmy lur lwt mel mg mhy mnb mqy msh mvd mxr nea nfa nij nrm nrz nsy nxe nxg omy otd pez phi pku ple plf pne pnm pqe pqw puc puf reb ree rej ror sau sdx sge skg ski snv spg ssq sya tdx tjg tkg ttg ttw twy txy ulu umi wew whk wnk xbr xkd xkl xky xmv xmw xxk zbc zbe zbw",
      "pqe": "adz aek agf agw ahb aia aie aix aji akr alm alu and ane anx aok aor apb app apr aps aqr asz aty aua aud aul auq aut axx baa bch bcm bcu bed bek bgt bhc bhw biq bjk bjl bjp bki blp blq bmc bmn bnk bnp bnr bpa bpg bpk brj brr btp btr buk bvc bvd bwa bwd bwf bxa bxf bzh bzq cal cam chk cir crc dac ddi dgg dhv dob dor dsn duf dva dww elu emi erg erk erw etn faf far fj fnb frt fud fut fwa gar gdd gei gfk gga ggt ghn gil gip gmb goc goo gop gri grw grz gve gzn hah hao haw hiw hla ho hoa hot hul hvk iai iff ire irh ism jae jaj jaz kbm kbw kcl kdk kgb khl kij kis kji kkk klv koa kos kpg kqw krf ksd ksg ksl ktm kud kvc kwd kwf kxa kxr kzk kzu lbb lbu lbv lcc lek ler let leu lga lgb lgk lgl lgr lgu lht lib lid lio lkn lle llf llp llu llx lmb lmg lml lmu lmv lnn loj los lpa lrv lrz lww lzl mcy mee mek met meu mft mgl mh mhz mi mjm mkj mkt mkv mky mla mll mln mlu mlv mlx mme mmg mmm mmo mmt mmw mmx mna mnl mnv mox mpl mpn mpo mpr mpy mqa mqm mqz mrb mrk mrl mrm mrn mrp mrq mrs mrv msn msq msu mte mtt mva mvo mvt mvx mwa mwc mwg mwh mwi mwo mxe mxm na nak nal nbn ncc ncf ncn nee nek nem nen nfl ngr nho niu nke nkk nkp nkr nlg nlz nmb nmk nms nmt nnd npn npx nrg nsn nss nsw ntu nua num nuq nur nuw nvh nwi ojv olr omb onu ora orz oum pek pex pfa pgk pif piv pix piz pkg pkp plb pma pme pmt pnh pon pop ppm ppn pri pss psw ptp ptr ptv puw pwg rai rak rap rar ray rga rkh roe rpn rri rro rtm rug sax sbb sbc sbe sbh sgz sih sij sjr ske sku sky slz sm sns sob sol sov spe sps srf sry ssg sso ssv ssz stn stw svb swp sww szw tbc tbe tbf tbj tbx tgc tgi tgp tgs tio tkl tkp tkv tkw tlm tlr tls tlx tmb tmi tmq tmt tmy tni tnk tnl tnn tnp tns tnx to tox tpa tpf tpv tpz tql tqp tsr tti ttu ttv tuc tva tvk tvl twp ty ubr uge uli una unu upv urr urv utp uur uve uvl val vao vlp vmg vnk vnm vnp vra vrs vrt wab wad wag wat wbb wbw wed wgb wgo wiv wlr wls wmn woc woe wsa wuv wuy wwo wyy xkx xsi yap yki ykk ykm ylb yly zeg zgr",
      "pqw": "abl abs abx ban bdg bdl bdr bdx bep bgb bhq bhz bkz brs bsb bsu bsy btk bug bup bzl ch cia cmc cml dbj dkk dms dmv dok dpp drg dtp dtr dup emb eno gay gnq goq iba itd jak jas jax jv jvn kaw kgx khc kjc kjk klw kly knx kqr kqv ktq kvr kxd kxi kzf kzs law lbw lce lew ley liw lix lji ljp lkj loe low mad mak mdr mfa mfp min mkm mkn mqn mqq ms mtd mwt mwv myl mzq nia npy orn ors osn pau pdo pee pel pmf pnp pse psn raz rob ruu sas sda sjm skh sko skx slm sml smr smw srk ssb sse su tdi tdj tes tgb tlk tln tmw ttp txe txm txx ues ums unz urk vkl vko wlo wow wru wtw xdy xkq xks xmz yka zbt zlm",
      "pra": "pgd pi pka pmh psu sa",
      "roa": "an ast ca cbk co cpf cpp dlm drc egl es ext fax fr frc frm fro frp fur gl ist it itk lad lij lld lmo mwl mxi nap nrf oc osp pcd pld pln pml pms pro pt rgn rm rmq ro ruo rup ruq sc scn sdc sdn sdt sro vec wa xno zrp",
      "sal": "blc cea cjh clm col coo cow crd fla hur lil lut nok oka ptw qun sec shs ska slh sno spo squ str thp til twa",
      "sdv": "ach adh alz anu atu bdi bfa bxb byg dau ddd dib din dip diw dks enb eyo jum kdj keo kln koe kpz liu lky loh lot lpx lth luo mas mfz mhi mqu mur muz mym niq njl nnj nsg nub nus oki omt pko saq sgc shj shk soh suq tbi tcc tec teo teq tex toq tuv tuy ukv xel xwg zmo",
      "sem": "aao abh acm acy aeb aec agj aii aij ajp akk am amw apc apd ar arc arq ary auz ayl ayn ayp bhm bhn bjf dlk egy fif gdq gez gru har hbo he hoh hrt huy inm ior jpa jrb jye kqd lhs lsd mey mid mt mvz mys myz oar obm phn rzh sam sgw shu shv smp sqr sqt syc syn syr ti tig trg tru uga wle xaa xeb xha xna xpu xrm xsa yhd zwa",
      "sgn": "ncs",
      "sio": "asb bll chc cmm cro dak hid iow ksk lkt mhq ofo oma osa qua sto tta win xwc",
      "sit": "acn aeu ahk aim anm aot aph aub bap bfc bgg bgr bhj biu brd bxd byh byo byw bzi cdf cdm cfm ckh ckn clj clk cmr cnc cng cnh cnk csh csj ctd cth ctn cur cuw cvg dao der dhi dis drq dus emg enu ero ers gnb goe gqi grt hle hmr hni hpo ii jee jih jiu jiy jkr jnl jya kac kaf kar kdq kfw kgj kif kip kix kjl kjz kkt kle klr kmm ktp lax lbg lbr lep lgh lhi lhp lhu lif lis lkc llh lmh lov lpo lrr lsh lsi lus lwm mhu mjw mni mpz mrh mro muk mxj my nbe nbi nbu ncd new njb njh njm njn njo nkb nkd nkf nkh nki nma nme nmo nmy nng nnl nnp npb npg nph npo npu nre nri nru nsf nsm nty nwc nxq nzm obr pck phh pho phq pkh pmi pmj pmx pub pum pzn qvy qxs raa rab raf rah raq rau rav ria rji rki rmz rtc ruh sch sdp sgk sgp shl sjl slt smh smt ssk suv suz sxg taj tbq tcl tco tcz tdg tdh tge thf tij tji tjs tmk tpe tro trp tvn txg txo ugo usi vap vay weu wme wuh xac ybh ybi ych ycl ycp yig yim yiq yiv ykt ylo ymc ymd ymi ymq ymx ymz yna ypa yph ypn ypo ypp ypz ysd ysp ysy ytl ywl ywq ywt zal zhx zkd zkn zkr zom",
      "sla": "rsk zle zls zlw",
      "smi": "se sia sjd sje sjk sjt sju sma smj smn sms",
      "son": "ddn dje dsq hmb kcy khq ses tda tst twq",
      "ssa": "amj bdo csu dgk dzg fvr gly ikx kbl kbo kby kcp kec kgo kie klf kmq kr krt kth laj lgn mde mdg mgd mls mxh nrb nyp rou sdv son tbr teu tey tuq txj udu wti xmr xom zag",
      "sw": "swc",
      "syd": "enf enh mtm nio sel xas yrk",
      "tai": "aho aio blt eee kht ksu lo nod nrr nut pdi phk shn soa tdd th thi tnu tpo tsl tyj tyr tyz zch zeh zln zlq",
      "tbq": "adi adl adx apt bee bft bfu bo bqh bro brx cda cdn cgk chx dka drd dre duu dz dzl ghe ghh ght gro gvr gyo hut jda jna jul kbg kfk kgy khg kkf kte kzq lae lbf lbj lhm lkh loy mrg nbt neh njz nmm npa nun ola ole prx rgk rnp sbu scp scu sgt sip skj spt syw tgf tgj ths tpq tsj tsk ttz twm xct xkf xkz xns xsr zau",
      "trk": "aib alt atv az azb ba bgx chg cjs clw crh cv dlg gag ili jct kaa kdr kim kjh kk klj kmz krc kum ky nog ota otk oui qwm qxq sah slq slr sty tk tr tt tyv ug uum uz uzs xbo xpc xqa ybe zkh zkz",
      "tup": "aan ait ama api aqz arr arx asn asu aux avv awe awt cin cod eme gn gnw gub gui gun guq gvj gvo gyr jor jua jur kay kgk kpn ktn kuq kyr kyz mav mdz mnd mpu msp myu omg oym paf pah pak pog psm pta pto skf srq sru taf tpj tpk tpn tpr tpw tqb twt urb urz wir wyr xaj xiy xmo yrl yuq",
      "tut": "trk xgn xhc zkt",
      "tuw": "eve gld juc mnc oaa oac sjo ude ulc",
      "urj": "fiu hu kca mns omk rts syd xcv ykg yux zkb",
      "wak": "dtd has hei kwk myh nuk",
      "wen": "dsb hsb",
      "xgn": "bua bxm bxu cmg dta kxs mhj mjg mn mvf peh sce xal xng xwo yuy",
      "xnd": "ath eya hoi tli",
      "ypk": "ems ess esu ynk",
      "zhx": "cdo cjy cpx czh czo gan hak hsn ltc mnp nan och wuu wxa yue zh",
      "zle": "be orv ru rue uk",
      "zls": "bg bs ckm hr kjv mk sl sr svm",
      "zlw": "cs csb czk pl pox sk szl wen",
      "znd": "zne"
    }
  }
}
