{
  "supplemental": {
    "version": {
      "_unicodeVersion": "14.0.0",
      "_cldrVersion": "42"
    },
    "unitIdComponents": {
      "and": {
        "_values": "and"
      },
      "per": {
        "_values": "per"
      },
      "power": {
        "_values": "square cubic pow2 pow3 pow4 pow5 pow6 pow7 pow8 pow9 pow10 pow11 pow12 pow13 pow14 pow15"
      },
      "prefix": {
        "_values": "arc british dessert fluid light nautical xxx x curr"
      },
      "suffix": {
        "_values": "force imperial luminosity mass metric person radius scandinavian troy unit us"
      }
    }
  }
}
