{
  "annotationsDerived": {
    "identity": {
      "version": {
        "_cldrVersion": "41"
      },
      "language": "en",
      "territory": "AU"
    },
    "annotations": {
      "🖖🏻": {
        "default": [
          "finger",
          "hand",
          "light skin tone",
          "spock",
          "vulcan",
          "Vulcan salute"
        ],
        "tts": [
          "Vulcan salute: light skin tone"
        ]
      },
      "🖖🏼": {
        "default": [
          "finger",
          "hand",
          "medium-light skin tone",
          "spock",
          "vulcan",
          "Vulcan salute"
        ],
        "tts": [
          "Vulcan salute: medium-light skin tone"
        ]
      },
      "🖖🏽": {
        "default": [
          "finger",
          "hand",
          "medium skin tone",
          "spock",
          "vulcan",
          "Vulcan salute"
        ],
        "tts": [
          "Vulcan salute: medium skin tone"
        ]
      },
      "🖖🏾": {
        "default": [
          "finger",
          "hand",
          "medium-dark skin tone",
          "spock",
          "vulcan",
          "Vulcan salute"
        ],
        "tts": [
          "Vulcan salute: medium-dark skin tone"
        ]
      },
      "🖖🏿": {
        "default": [
          "dark skin tone",
          "finger",
          "hand",
          "spock",
          "vulcan",
          "Vulcan salute"
        ],
        "tts": [
          "Vulcan salute: dark skin tone"
        ]
      },
      "🤙🏻": {
        "default": [
          "call",
          "call me hand",
          "call-me hand",
          "hand",
          "light skin tone",
          "shaka"
        ]
      },
      "🤙🏼": {
        "default": [
          "call",
          "call me hand",
          "call-me hand",
          "hand",
          "medium-light skin tone",
          "shaka"
        ]
      },
      "🤙🏽": {
        "default": [
          "call",
          "call me hand",
          "call-me hand",
          "hand",
          "medium skin tone",
          "shaka"
        ]
      },
      "🤙🏾": {
        "default": [
          "call",
          "call me hand",
          "call-me hand",
          "hand",
          "medium-dark skin tone",
          "shaka"
        ]
      },
      "🤙🏿": {
        "default": [
          "call",
          "call me hand",
          "call-me hand",
          "dark skin tone",
          "hand",
          "shaka"
        ]
      },
      "🙌🏻": {
        "default": [
          "celebration",
          "gesture",
          "hand",
          "hooray",
          "light skin tone",
          "raised",
          "raising hands"
        ]
      },
      "🙌🏼": {
        "default": [
          "celebration",
          "gesture",
          "hand",
          "hooray",
          "medium-light skin tone",
          "raised",
          "raising hands"
        ]
      },
      "🙌🏽": {
        "default": [
          "celebration",
          "gesture",
          "hand",
          "hooray",
          "medium skin tone",
          "raised",
          "raising hands"
        ]
      },
      "🙌🏾": {
        "default": [
          "celebration",
          "gesture",
          "hand",
          "hooray",
          "medium-dark skin tone",
          "raised",
          "raising hands"
        ]
      },
      "🙌🏿": {
        "default": [
          "celebration",
          "dark skin tone",
          "gesture",
          "hand",
          "hooray",
          "raised",
          "raising hands"
        ]
      },
      "👦🏻": {
        "default": [
          "boy",
          "light skin tone",
          "young",
          "young person"
        ]
      },
      "👦🏼": {
        "default": [
          "boy",
          "medium-light skin tone",
          "young",
          "young person"
        ]
      },
      "👦🏽": {
        "default": [
          "boy",
          "medium skin tone",
          "young",
          "young person"
        ]
      },
      "👦🏾": {
        "default": [
          "boy",
          "medium-dark skin tone",
          "young",
          "young person"
        ]
      },
      "👦🏿": {
        "default": [
          "boy",
          "dark skin tone",
          "young",
          "young person"
        ]
      },
      "👧🏻": {
        "default": [
          "girl",
          "light skin tone",
          "Virgo",
          "young person",
          "zodiac"
        ]
      },
      "👧🏼": {
        "default": [
          "girl",
          "medium-light skin tone",
          "Virgo",
          "young person",
          "zodiac"
        ]
      },
      "👧🏽": {
        "default": [
          "girl",
          "medium skin tone",
          "Virgo",
          "young person",
          "zodiac"
        ]
      },
      "👧🏾": {
        "default": [
          "girl",
          "medium-dark skin tone",
          "Virgo",
          "young person",
          "zodiac"
        ]
      },
      "👧🏿": {
        "default": [
          "dark skin tone",
          "girl",
          "Virgo",
          "young person",
          "zodiac"
        ]
      },
      "🧑🏻‍🔧": {
        "default": [
          "electrician",
          "light skin tone",
          "mechanic",
          "plumber",
          "tradesperson",
          "tradie"
        ]
      },
      "🧑🏼‍🔧": {
        "default": [
          "electrician",
          "mechanic",
          "medium-light skin tone",
          "plumber",
          "tradesperson",
          "tradie"
        ]
      },
      "🧑🏽‍🔧": {
        "default": [
          "electrician",
          "mechanic",
          "medium skin tone",
          "plumber",
          "tradesperson",
          "tradie"
        ]
      },
      "🧑🏾‍🔧": {
        "default": [
          "electrician",
          "mechanic",
          "medium-dark skin tone",
          "plumber",
          "tradesperson",
          "tradie"
        ]
      },
      "🧑🏿‍🔧": {
        "default": [
          "dark skin tone",
          "electrician",
          "mechanic",
          "plumber",
          "tradesperson",
          "tradie"
        ]
      },
      "👨🏻‍💼": {
        "default": [
          "business man",
          "light skin tone",
          "man office worker",
          "manager",
          "office worker",
          "white collar"
        ]
      },
      "👨🏼‍💼": {
        "default": [
          "business man",
          "man office worker",
          "manager",
          "medium-light skin tone",
          "office worker",
          "white collar"
        ]
      },
      "👨🏽‍💼": {
        "default": [
          "business man",
          "man office worker",
          "manager",
          "medium skin tone",
          "office worker",
          "white collar"
        ]
      },
      "👨🏾‍💼": {
        "default": [
          "business man",
          "man office worker",
          "manager",
          "medium-dark skin tone",
          "office worker",
          "white collar"
        ]
      },
      "👨🏿‍💼": {
        "default": [
          "business man",
          "dark skin tone",
          "man office worker",
          "manager",
          "office worker",
          "white collar"
        ]
      },
      "👩🏻‍💼": {
        "default": [
          "business woman",
          "light skin tone",
          "manager",
          "office worker",
          "white collar",
          "woman office worker"
        ]
      },
      "👩🏼‍💼": {
        "default": [
          "business woman",
          "manager",
          "medium-light skin tone",
          "office worker",
          "white collar",
          "woman office worker"
        ]
      },
      "👩🏽‍💼": {
        "default": [
          "business woman",
          "manager",
          "medium skin tone",
          "office worker",
          "white collar",
          "woman office worker"
        ]
      },
      "👩🏾‍💼": {
        "default": [
          "business woman",
          "manager",
          "medium-dark skin tone",
          "office worker",
          "white collar",
          "woman office worker"
        ]
      },
      "👩🏿‍💼": {
        "default": [
          "business woman",
          "dark skin tone",
          "manager",
          "office worker",
          "white collar",
          "woman office worker"
        ]
      },
      "👨🏻‍🎤": {
        "default": [
          "entertainer",
          "light skin tone",
          "man",
          "man singer",
          "performer",
          "rock singer",
          "star"
        ]
      },
      "👨🏼‍🎤": {
        "default": [
          "entertainer",
          "man",
          "man singer",
          "medium-light skin tone",
          "performer",
          "rock singer",
          "star"
        ]
      },
      "👨🏽‍🎤": {
        "default": [
          "entertainer",
          "man",
          "man singer",
          "medium skin tone",
          "performer",
          "rock singer",
          "star"
        ]
      },
      "👨🏾‍🎤": {
        "default": [
          "entertainer",
          "man",
          "man singer",
          "medium-dark skin tone",
          "performer",
          "rock singer",
          "star"
        ]
      },
      "👨🏿‍🎤": {
        "default": [
          "dark skin tone",
          "entertainer",
          "man",
          "man singer",
          "performer",
          "rock singer",
          "star"
        ]
      },
      "👩🏻‍🎤": {
        "default": [
          "entertainer",
          "light skin tone",
          "performer",
          "rock singer",
          "star",
          "woman",
          "woman singer"
        ]
      },
      "👩🏼‍🎤": {
        "default": [
          "entertainer",
          "medium-light skin tone",
          "performer",
          "rock singer",
          "star",
          "woman",
          "woman singer"
        ]
      },
      "👩🏽‍🎤": {
        "default": [
          "entertainer",
          "medium skin tone",
          "performer",
          "rock singer",
          "star",
          "woman",
          "woman singer"
        ]
      },
      "👩🏾‍🎤": {
        "default": [
          "entertainer",
          "medium-dark skin tone",
          "performer",
          "rock singer",
          "star",
          "woman",
          "woman singer"
        ]
      },
      "👩🏿‍🎤": {
        "default": [
          "dark skin tone",
          "entertainer",
          "performer",
          "rock singer",
          "star",
          "woman",
          "woman singer"
        ]
      },
      "👨🏻‍🎨": {
        "default": [
          "artist",
          "light skin tone",
          "man",
          "painter",
          "palette"
        ]
      },
      "👨🏼‍🎨": {
        "default": [
          "artist",
          "man",
          "medium-light skin tone",
          "painter",
          "palette"
        ]
      },
      "👨🏽‍🎨": {
        "default": [
          "artist",
          "man",
          "medium skin tone",
          "painter",
          "palette"
        ]
      },
      "👨🏾‍🎨": {
        "default": [
          "artist",
          "man",
          "medium-dark skin tone",
          "painter",
          "palette"
        ]
      },
      "👨🏿‍🎨": {
        "default": [
          "artist",
          "dark skin tone",
          "man",
          "painter",
          "palette"
        ]
      },
      "👩🏻‍🎨": {
        "default": [
          "artist",
          "light skin tone",
          "painter",
          "palette",
          "woman"
        ]
      },
      "👩🏼‍🎨": {
        "default": [
          "artist",
          "medium-light skin tone",
          "painter",
          "palette",
          "woman"
        ]
      },
      "👩🏽‍🎨": {
        "default": [
          "artist",
          "medium skin tone",
          "painter",
          "palette",
          "woman"
        ]
      },
      "👩🏾‍🎨": {
        "default": [
          "artist",
          "medium-dark skin tone",
          "painter",
          "palette",
          "woman"
        ]
      },
      "👩🏿‍🎨": {
        "default": [
          "artist",
          "dark skin tone",
          "painter",
          "palette",
          "woman"
        ]
      },
      "👨🏻‍🚒": {
        "default": [
          "fire truck",
          "firefighter",
          "light skin tone",
          "man"
        ]
      },
      "👨🏼‍🚒": {
        "default": [
          "fire truck",
          "firefighter",
          "man",
          "medium-light skin tone"
        ]
      },
      "👨🏽‍🚒": {
        "default": [
          "fire truck",
          "firefighter",
          "man",
          "medium skin tone"
        ]
      },
      "👨🏾‍🚒": {
        "default": [
          "fire truck",
          "firefighter",
          "man",
          "medium-dark skin tone"
        ]
      },
      "👨🏿‍🚒": {
        "default": [
          "dark skin tone",
          "fire truck",
          "firefighter",
          "man"
        ]
      },
      "👩🏻‍🚒": {
        "default": [
          "fire truck",
          "firefighter",
          "light skin tone",
          "woman"
        ]
      },
      "👩🏼‍🚒": {
        "default": [
          "fire truck",
          "firefighter",
          "medium-light skin tone",
          "woman"
        ]
      },
      "👩🏽‍🚒": {
        "default": [
          "fire truck",
          "firefighter",
          "medium skin tone",
          "woman"
        ]
      },
      "👩🏾‍🚒": {
        "default": [
          "fire truck",
          "firefighter",
          "medium-dark skin tone",
          "woman"
        ]
      },
      "👩🏿‍🚒": {
        "default": [
          "dark skin tone",
          "fire truck",
          "firefighter",
          "woman"
        ]
      },
      "🕵🏻": {
        "default": [
          "detective",
          "investigator",
          "light skin tone",
          "sleuth",
          "spy"
        ]
      },
      "🕵🏼": {
        "default": [
          "detective",
          "investigator",
          "medium-light skin tone",
          "sleuth",
          "spy"
        ]
      },
      "🕵🏽": {
        "default": [
          "detective",
          "investigator",
          "medium skin tone",
          "sleuth",
          "spy"
        ]
      },
      "🕵🏾": {
        "default": [
          "detective",
          "investigator",
          "medium-dark skin tone",
          "sleuth",
          "spy"
        ]
      },
      "🕵🏿": {
        "default": [
          "dark skin tone",
          "detective",
          "investigator",
          "sleuth",
          "spy"
        ]
      },
      "🕵🏻‍♂": {
        "default": [
          "detective",
          "investigator",
          "light skin tone",
          "man",
          "sleuth",
          "spy"
        ]
      },
      "🕵🏼‍♂": {
        "default": [
          "detective",
          "investigator",
          "man",
          "medium-light skin tone",
          "sleuth",
          "spy"
        ]
      },
      "🕵🏽‍♂": {
        "default": [
          "detective",
          "investigator",
          "man",
          "medium skin tone",
          "sleuth",
          "spy"
        ]
      },
      "🕵🏾‍♂": {
        "default": [
          "detective",
          "investigator",
          "man",
          "medium-dark skin tone",
          "sleuth",
          "spy"
        ]
      },
      "🕵🏿‍♂": {
        "default": [
          "dark skin tone",
          "detective",
          "investigator",
          "man",
          "sleuth",
          "spy"
        ]
      },
      "🕵🏻‍♀": {
        "default": [
          "detective",
          "investigator",
          "light skin tone",
          "sleuth",
          "spy",
          "woman"
        ]
      },
      "🕵🏼‍♀": {
        "default": [
          "detective",
          "investigator",
          "medium-light skin tone",
          "sleuth",
          "spy",
          "woman"
        ]
      },
      "🕵🏽‍♀": {
        "default": [
          "detective",
          "investigator",
          "medium skin tone",
          "sleuth",
          "spy",
          "woman"
        ]
      },
      "🕵🏾‍♀": {
        "default": [
          "detective",
          "investigator",
          "medium-dark skin tone",
          "sleuth",
          "spy",
          "woman"
        ]
      },
      "🕵🏿‍♀": {
        "default": [
          "dark skin tone",
          "detective",
          "investigator",
          "sleuth",
          "spy",
          "woman"
        ]
      },
      "🤵🏻": {
        "default": [
          "groom",
          "light skin tone",
          "person",
          "person in tux",
          "person in tuxedo",
          "tuxedo"
        ]
      },
      "🤵🏼": {
        "default": [
          "groom",
          "medium-light skin tone",
          "person",
          "person in tux",
          "person in tuxedo",
          "tuxedo"
        ]
      },
      "🤵🏽": {
        "default": [
          "groom",
          "medium skin tone",
          "person",
          "person in tux",
          "person in tuxedo",
          "tuxedo"
        ]
      },
      "🤵🏾": {
        "default": [
          "groom",
          "medium-dark skin tone",
          "person",
          "person in tux",
          "person in tuxedo",
          "tuxedo"
        ]
      },
      "🤵🏿": {
        "default": [
          "dark skin tone",
          "groom",
          "person",
          "person in tux",
          "person in tuxedo",
          "tuxedo"
        ]
      },
      "🤵🏻‍♂": {
        "default": [
          "light skin tone",
          "man",
          "man in tux",
          "man in tuxedo",
          "tux",
          "tuxedo"
        ]
      },
      "🤵🏼‍♂": {
        "default": [
          "man",
          "man in tux",
          "man in tuxedo",
          "medium-light skin tone",
          "tux",
          "tuxedo"
        ]
      },
      "🤵🏽‍♂": {
        "default": [
          "man",
          "man in tux",
          "man in tuxedo",
          "medium skin tone",
          "tux",
          "tuxedo"
        ]
      },
      "🤵🏾‍♂": {
        "default": [
          "man",
          "man in tux",
          "man in tuxedo",
          "medium-dark skin tone",
          "tux",
          "tuxedo"
        ]
      },
      "🤵🏿‍♂": {
        "default": [
          "dark skin tone",
          "man",
          "man in tux",
          "man in tuxedo",
          "tux",
          "tuxedo"
        ]
      },
      "🤵🏻‍♀": {
        "default": [
          "light skin tone",
          "tuxedo",
          "woman",
          "woman in tux",
          "woman in tuxedo"
        ]
      },
      "🤵🏼‍♀": {
        "default": [
          "medium-light skin tone",
          "tuxedo",
          "woman",
          "woman in tux",
          "woman in tuxedo"
        ]
      },
      "🤵🏽‍♀": {
        "default": [
          "medium skin tone",
          "tuxedo",
          "woman",
          "woman in tux",
          "woman in tuxedo"
        ]
      },
      "🤵🏾‍♀": {
        "default": [
          "medium-dark skin tone",
          "tuxedo",
          "woman",
          "woman in tux",
          "woman in tuxedo"
        ]
      },
      "🤵🏿‍♀": {
        "default": [
          "dark skin tone",
          "tuxedo",
          "woman",
          "woman in tux",
          "woman in tuxedo"
        ]
      },
      "👰🏻‍♀": {
        "default": [
          "bride",
          "light skin tone",
          "veil",
          "woman",
          "woman with veil"
        ]
      },
      "👰🏼‍♀": {
        "default": [
          "bride",
          "medium-light skin tone",
          "veil",
          "woman",
          "woman with veil"
        ]
      },
      "👰🏽‍♀": {
        "default": [
          "bride",
          "medium skin tone",
          "veil",
          "woman",
          "woman with veil"
        ]
      },
      "👰🏾‍♀": {
        "default": [
          "bride",
          "medium-dark skin tone",
          "veil",
          "woman",
          "woman with veil"
        ]
      },
      "👰🏿‍♀": {
        "default": [
          "bride",
          "dark skin tone",
          "veil",
          "woman",
          "woman with veil"
        ]
      },
      "🎅🏻": {
        "default": [
          "celebration",
          "Christmas",
          "Father Christmas",
          "light skin tone",
          "Santa",
          "Santa Claus"
        ],
        "tts": [
          "Santa: light skin tone"
        ]
      },
      "🎅🏼": {
        "default": [
          "celebration",
          "Christmas",
          "Father Christmas",
          "medium-light skin tone",
          "Santa",
          "Santa Claus"
        ],
        "tts": [
          "Santa: medium-light skin tone"
        ]
      },
      "🎅🏽": {
        "default": [
          "celebration",
          "Christmas",
          "Father Christmas",
          "medium skin tone",
          "Santa",
          "Santa Claus"
        ],
        "tts": [
          "Santa: medium skin tone"
        ]
      },
      "🎅🏾": {
        "default": [
          "celebration",
          "Christmas",
          "Father Christmas",
          "medium-dark skin tone",
          "Santa",
          "Santa Claus"
        ],
        "tts": [
          "Santa: medium-dark skin tone"
        ]
      },
      "🎅🏿": {
        "default": [
          "celebration",
          "Christmas",
          "dark skin tone",
          "Father Christmas",
          "Santa",
          "Santa Claus"
        ],
        "tts": [
          "Santa: dark skin tone"
        ]
      },
      "🤶🏻": {
        "default": [
          "celebration",
          "Christmas",
          "light skin tone",
          "Mrs Claus",
          "Mrs Santa Claus",
          "Mrs. Claus"
        ]
      },
      "🤶🏼": {
        "default": [
          "celebration",
          "Christmas",
          "medium-light skin tone",
          "Mrs Claus",
          "Mrs Santa Claus",
          "Mrs. Claus"
        ]
      },
      "🤶🏽": {
        "default": [
          "celebration",
          "Christmas",
          "medium skin tone",
          "Mrs Claus",
          "Mrs Santa Claus",
          "Mrs. Claus"
        ]
      },
      "🤶🏾": {
        "default": [
          "celebration",
          "Christmas",
          "medium-dark skin tone",
          "Mrs Claus",
          "Mrs Santa Claus",
          "Mrs. Claus"
        ]
      },
      "🤶🏿": {
        "default": [
          "celebration",
          "Christmas",
          "dark skin tone",
          "Mrs Claus",
          "Mrs Santa Claus",
          "Mrs. Claus"
        ]
      },
      "💇🏻‍♂": {
        "default": [
          "haircut",
          "hairdresser",
          "light skin tone",
          "man",
          "man getting haircut"
        ]
      },
      "💇🏼‍♂": {
        "default": [
          "haircut",
          "hairdresser",
          "man",
          "man getting haircut",
          "medium-light skin tone"
        ]
      },
      "💇🏽‍♂": {
        "default": [
          "haircut",
          "hairdresser",
          "man",
          "man getting haircut",
          "medium skin tone"
        ]
      },
      "💇🏾‍♂": {
        "default": [
          "haircut",
          "hairdresser",
          "man",
          "man getting haircut",
          "medium-dark skin tone"
        ]
      },
      "💇🏿‍♂": {
        "default": [
          "dark skin tone",
          "haircut",
          "hairdresser",
          "man",
          "man getting haircut"
        ]
      },
      "💇🏻‍♀": {
        "default": [
          "haircut",
          "hairdresser",
          "light skin tone",
          "woman",
          "woman getting haircut"
        ]
      },
      "💇🏼‍♀": {
        "default": [
          "haircut",
          "hairdresser",
          "medium-light skin tone",
          "woman",
          "woman getting haircut"
        ]
      },
      "💇🏽‍♀": {
        "default": [
          "haircut",
          "hairdresser",
          "medium skin tone",
          "woman",
          "woman getting haircut"
        ]
      },
      "💇🏾‍♀": {
        "default": [
          "haircut",
          "hairdresser",
          "medium-dark skin tone",
          "woman",
          "woman getting haircut"
        ]
      },
      "💇🏿‍♀": {
        "default": [
          "dark skin tone",
          "haircut",
          "hairdresser",
          "woman",
          "woman getting haircut"
        ]
      },
      "🧑🏻‍🦯": {
        "default": [
          "accessibility",
          "blind",
          "light skin tone",
          "person with guide cane",
          "person with long mobility cane"
        ],
        "tts": [
          "person with long mobility cane: light skin tone"
        ]
      },
      "🧑🏼‍🦯": {
        "default": [
          "accessibility",
          "blind",
          "medium-light skin tone",
          "person with guide cane",
          "person with long mobility cane"
        ],
        "tts": [
          "person with long mobility cane: medium-light skin tone"
        ]
      },
      "🧑🏽‍🦯": {
        "default": [
          "accessibility",
          "blind",
          "medium skin tone",
          "person with guide cane",
          "person with long mobility cane"
        ],
        "tts": [
          "person with long mobility cane: medium skin tone"
        ]
      },
      "🧑🏾‍🦯": {
        "default": [
          "accessibility",
          "blind",
          "medium-dark skin tone",
          "person with guide cane",
          "person with long mobility cane"
        ],
        "tts": [
          "person with long mobility cane: medium-dark skin tone"
        ]
      },
      "🧑🏿‍🦯": {
        "default": [
          "accessibility",
          "blind",
          "dark skin tone",
          "person with guide cane",
          "person with long mobility cane"
        ],
        "tts": [
          "person with long mobility cane: dark skin tone"
        ]
      },
      "🧑🏻‍🦼": {
        "default": [
          "light skin tone",
          "person in motorised wheelchair"
        ],
        "tts": [
          "person in motorised wheelchair: light skin tone"
        ]
      },
      "🧑🏼‍🦼": {
        "default": [
          "medium-light skin tone",
          "person in motorised wheelchair"
        ],
        "tts": [
          "person in motorised wheelchair: medium-light skin tone"
        ]
      },
      "🧑🏽‍🦼": {
        "default": [
          "medium skin tone",
          "person in motorised wheelchair"
        ],
        "tts": [
          "person in motorised wheelchair: medium skin tone"
        ]
      },
      "🧑🏾‍🦼": {
        "default": [
          "medium-dark skin tone",
          "person in motorised wheelchair"
        ],
        "tts": [
          "person in motorised wheelchair: medium-dark skin tone"
        ]
      },
      "🧑🏿‍🦼": {
        "default": [
          "dark skin tone",
          "person in motorised wheelchair"
        ],
        "tts": [
          "person in motorised wheelchair: dark skin tone"
        ]
      },
      "👨🏻‍🦼": {
        "default": [
          "light skin tone",
          "man in motorised wheelchair"
        ],
        "tts": [
          "man in motorised wheelchair: light skin tone"
        ]
      },
      "👨🏼‍🦼": {
        "default": [
          "man in motorised wheelchair",
          "medium-light skin tone"
        ],
        "tts": [
          "man in motorised wheelchair: medium-light skin tone"
        ]
      },
      "👨🏽‍🦼": {
        "default": [
          "man in motorised wheelchair",
          "medium skin tone"
        ],
        "tts": [
          "man in motorised wheelchair: medium skin tone"
        ]
      },
      "👨🏾‍🦼": {
        "default": [
          "man in motorised wheelchair",
          "medium-dark skin tone"
        ],
        "tts": [
          "man in motorised wheelchair: medium-dark skin tone"
        ]
      },
      "👨🏿‍🦼": {
        "default": [
          "dark skin tone",
          "man in motorised wheelchair"
        ],
        "tts": [
          "man in motorised wheelchair: dark skin tone"
        ]
      },
      "👩🏻‍🦼": {
        "default": [
          "light skin tone",
          "woman in motorised wheelchair"
        ],
        "tts": [
          "woman in motorised wheelchair: light skin tone"
        ]
      },
      "👩🏼‍🦼": {
        "default": [
          "medium-light skin tone",
          "woman in motorised wheelchair"
        ],
        "tts": [
          "woman in motorised wheelchair: medium-light skin tone"
        ]
      },
      "👩🏽‍🦼": {
        "default": [
          "medium skin tone",
          "woman in motorised wheelchair"
        ],
        "tts": [
          "woman in motorised wheelchair: medium skin tone"
        ]
      },
      "👩🏾‍🦼": {
        "default": [
          "medium-dark skin tone",
          "woman in motorised wheelchair"
        ],
        "tts": [
          "woman in motorised wheelchair: medium-dark skin tone"
        ]
      },
      "👩🏿‍🦼": {
        "default": [
          "dark skin tone",
          "woman in motorised wheelchair"
        ],
        "tts": [
          "woman in motorised wheelchair: dark skin tone"
        ]
      },
      "🧖🏻‍♂": {
        "default": [
          "light skin tone",
          "man in steam room",
          "man in steamy room",
          "sauna",
          "steam room"
        ],
        "tts": [
          "man in steam room: light skin tone"
        ]
      },
      "🧖🏼‍♂": {
        "default": [
          "man in steam room",
          "man in steamy room",
          "medium-light skin tone",
          "sauna",
          "steam room"
        ],
        "tts": [
          "man in steam room: medium-light skin tone"
        ]
      },
      "🧖🏽‍♂": {
        "default": [
          "man in steam room",
          "man in steamy room",
          "medium skin tone",
          "sauna",
          "steam room"
        ],
        "tts": [
          "man in steam room: medium skin tone"
        ]
      },
      "🧖🏾‍♂": {
        "default": [
          "man in steam room",
          "man in steamy room",
          "medium-dark skin tone",
          "sauna",
          "steam room"
        ],
        "tts": [
          "man in steam room: medium-dark skin tone"
        ]
      },
      "🧖🏿‍♂": {
        "default": [
          "dark skin tone",
          "man in steam room",
          "man in steamy room",
          "sauna",
          "steam room"
        ],
        "tts": [
          "man in steam room: dark skin tone"
        ]
      },
      "🧖🏻‍♀": {
        "default": [
          "light skin tone",
          "sauna",
          "steam room",
          "woman in steam room",
          "woman in steamy room"
        ],
        "tts": [
          "woman in steam room: light skin tone"
        ]
      },
      "🧖🏼‍♀": {
        "default": [
          "medium-light skin tone",
          "sauna",
          "steam room",
          "woman in steam room",
          "woman in steamy room"
        ],
        "tts": [
          "woman in steam room: medium-light skin tone"
        ]
      },
      "🧖🏽‍♀": {
        "default": [
          "medium skin tone",
          "sauna",
          "steam room",
          "woman in steam room",
          "woman in steamy room"
        ],
        "tts": [
          "woman in steam room: medium skin tone"
        ]
      },
      "🧖🏾‍♀": {
        "default": [
          "medium-dark skin tone",
          "sauna",
          "steam room",
          "woman in steam room",
          "woman in steamy room"
        ],
        "tts": [
          "woman in steam room: medium-dark skin tone"
        ]
      },
      "🧖🏿‍♀": {
        "default": [
          "dark skin tone",
          "sauna",
          "steam room",
          "woman in steam room",
          "woman in steamy room"
        ],
        "tts": [
          "woman in steam room: dark skin tone"
        ]
      },
      "🏌🏻": {
        "default": [
          "ball",
          "golf",
          "golfer",
          "light skin tone",
          "person golfing"
        ]
      },
      "🏌🏼": {
        "default": [
          "ball",
          "golf",
          "golfer",
          "medium-light skin tone",
          "person golfing"
        ]
      },
      "🏌🏽": {
        "default": [
          "ball",
          "golf",
          "golfer",
          "medium skin tone",
          "person golfing"
        ]
      },
      "🏌🏾": {
        "default": [
          "ball",
          "golf",
          "golfer",
          "medium-dark skin tone",
          "person golfing"
        ]
      },
      "🏌🏿": {
        "default": [
          "ball",
          "dark skin tone",
          "golf",
          "golfer",
          "person golfing"
        ]
      },
      "🏌🏻‍♂": {
        "default": [
          "golf",
          "golfer",
          "light skin tone",
          "man",
          "man golfing"
        ]
      },
      "🏌🏼‍♂": {
        "default": [
          "golf",
          "golfer",
          "man",
          "man golfing",
          "medium-light skin tone"
        ]
      },
      "🏌🏽‍♂": {
        "default": [
          "golf",
          "golfer",
          "man",
          "man golfing",
          "medium skin tone"
        ]
      },
      "🏌🏾‍♂": {
        "default": [
          "golf",
          "golfer",
          "man",
          "man golfing",
          "medium-dark skin tone"
        ]
      },
      "🏌🏿‍♂": {
        "default": [
          "dark skin tone",
          "golf",
          "golfer",
          "man",
          "man golfing"
        ]
      },
      "🏌🏻‍♀": {
        "default": [
          "golf",
          "golfer",
          "light skin tone",
          "woman",
          "woman golfing"
        ]
      },
      "🏌🏼‍♀": {
        "default": [
          "golf",
          "golfer",
          "medium-light skin tone",
          "woman",
          "woman golfing"
        ]
      },
      "🏌🏽‍♀": {
        "default": [
          "golf",
          "golfer",
          "medium skin tone",
          "woman",
          "woman golfing"
        ]
      },
      "🏌🏾‍♀": {
        "default": [
          "golf",
          "golfer",
          "medium-dark skin tone",
          "woman",
          "woman golfing"
        ]
      },
      "🏌🏿‍♀": {
        "default": [
          "dark skin tone",
          "golf",
          "golfer",
          "woman",
          "woman golfing"
        ]
      },
      "🏄🏻": {
        "default": [
          "light skin tone",
          "person surfing",
          "surfer",
          "surfing"
        ]
      },
      "🏄🏼": {
        "default": [
          "medium-light skin tone",
          "person surfing",
          "surfer",
          "surfing"
        ]
      },
      "🏄🏽": {
        "default": [
          "medium skin tone",
          "person surfing",
          "surfer",
          "surfing"
        ]
      },
      "🏄🏾": {
        "default": [
          "medium-dark skin tone",
          "person surfing",
          "surfer",
          "surfing"
        ]
      },
      "🏄🏿": {
        "default": [
          "dark skin tone",
          "person surfing",
          "surfer",
          "surfing"
        ]
      },
      "🏄🏻‍♂": {
        "default": [
          "light skin tone",
          "man",
          "surfer",
          "surfing"
        ]
      },
      "🏄🏼‍♂": {
        "default": [
          "man",
          "medium-light skin tone",
          "surfer",
          "surfing"
        ]
      },
      "🏄🏽‍♂": {
        "default": [
          "man",
          "medium skin tone",
          "surfer",
          "surfing"
        ]
      },
      "🏄🏾‍♂": {
        "default": [
          "man",
          "medium-dark skin tone",
          "surfer",
          "surfing"
        ]
      },
      "🏄🏿‍♂": {
        "default": [
          "dark skin tone",
          "man",
          "surfer",
          "surfing"
        ]
      },
      "🏄🏻‍♀": {
        "default": [
          "light skin tone",
          "surfer",
          "surfing",
          "woman"
        ]
      },
      "🏄🏼‍♀": {
        "default": [
          "medium-light skin tone",
          "surfer",
          "surfing",
          "woman"
        ]
      },
      "🏄🏽‍♀": {
        "default": [
          "medium skin tone",
          "surfer",
          "surfing",
          "woman"
        ]
      },
      "🏄🏾‍♀": {
        "default": [
          "medium-dark skin tone",
          "surfer",
          "surfing",
          "woman"
        ]
      },
      "🏄🏿‍♀": {
        "default": [
          "dark skin tone",
          "surfer",
          "surfing",
          "woman"
        ]
      },
      "🚣🏻": {
        "default": [
          "boat",
          "light skin tone",
          "person",
          "person rowing boat",
          "rowboat"
        ]
      },
      "🚣🏼": {
        "default": [
          "boat",
          "medium-light skin tone",
          "person",
          "person rowing boat",
          "rowboat"
        ]
      },
      "🚣🏽": {
        "default": [
          "boat",
          "medium skin tone",
          "person",
          "person rowing boat",
          "rowboat"
        ]
      },
      "🚣🏾": {
        "default": [
          "boat",
          "medium-dark skin tone",
          "person",
          "person rowing boat",
          "rowboat"
        ]
      },
      "🚣🏿": {
        "default": [
          "boat",
          "dark skin tone",
          "person",
          "person rowing boat",
          "rowboat"
        ]
      },
      "🏊🏻": {
        "default": [
          "light skin tone",
          "person swimming",
          "swim",
          "swimmer"
        ]
      },
      "🏊🏼": {
        "default": [
          "medium-light skin tone",
          "person swimming",
          "swim",
          "swimmer"
        ]
      },
      "🏊🏽": {
        "default": [
          "medium skin tone",
          "person swimming",
          "swim",
          "swimmer"
        ]
      },
      "🏊🏾": {
        "default": [
          "medium-dark skin tone",
          "person swimming",
          "swim",
          "swimmer"
        ]
      },
      "🏊🏿": {
        "default": [
          "dark skin tone",
          "person swimming",
          "swim",
          "swimmer"
        ]
      },
      "🏊🏻‍♂": {
        "default": [
          "light skin tone",
          "man",
          "man swimming",
          "swim",
          "swimmer"
        ]
      },
      "🏊🏼‍♂": {
        "default": [
          "man",
          "man swimming",
          "medium-light skin tone",
          "swim",
          "swimmer"
        ]
      },
      "🏊🏽‍♂": {
        "default": [
          "man",
          "man swimming",
          "medium skin tone",
          "swim",
          "swimmer"
        ]
      },
      "🏊🏾‍♂": {
        "default": [
          "man",
          "man swimming",
          "medium-dark skin tone",
          "swim",
          "swimmer"
        ]
      },
      "🏊🏿‍♂": {
        "default": [
          "dark skin tone",
          "man",
          "man swimming",
          "swim",
          "swimmer"
        ]
      },
      "🏊🏻‍♀": {
        "default": [
          "light skin tone",
          "swim",
          "swimmer",
          "woman",
          "woman swimming"
        ]
      },
      "🏊🏼‍♀": {
        "default": [
          "medium-light skin tone",
          "swim",
          "swimmer",
          "woman",
          "woman swimming"
        ]
      },
      "🏊🏽‍♀": {
        "default": [
          "medium skin tone",
          "swim",
          "swimmer",
          "woman",
          "woman swimming"
        ]
      },
      "🏊🏾‍♀": {
        "default": [
          "medium-dark skin tone",
          "swim",
          "swimmer",
          "woman",
          "woman swimming"
        ]
      },
      "🏊🏿‍♀": {
        "default": [
          "dark skin tone",
          "swim",
          "swimmer",
          "woman",
          "woman swimming"
        ]
      },
      "🚴🏻": {
        "default": [
          "bicycle",
          "biking",
          "cyclist",
          "light skin tone",
          "person biking",
          "person riding a bike"
        ],
        "tts": [
          "person riding a bike: light skin tone"
        ]
      },
      "🚴🏼": {
        "default": [
          "bicycle",
          "biking",
          "cyclist",
          "medium-light skin tone",
          "person biking",
          "person riding a bike"
        ],
        "tts": [
          "person riding a bike: medium-light skin tone"
        ]
      },
      "🚴🏽": {
        "default": [
          "bicycle",
          "biking",
          "cyclist",
          "medium skin tone",
          "person biking",
          "person riding a bike"
        ],
        "tts": [
          "person riding a bike: medium skin tone"
        ]
      },
      "🚴🏾": {
        "default": [
          "bicycle",
          "biking",
          "cyclist",
          "medium-dark skin tone",
          "person biking",
          "person riding a bike"
        ],
        "tts": [
          "person riding a bike: medium-dark skin tone"
        ]
      },
      "🚴🏿": {
        "default": [
          "bicycle",
          "biking",
          "cyclist",
          "dark skin tone",
          "person biking",
          "person riding a bike"
        ],
        "tts": [
          "person riding a bike: dark skin tone"
        ]
      },
      "🚴🏻‍♂": {
        "default": [
          "bicycle",
          "biking",
          "cyclist",
          "light skin tone",
          "man",
          "man riding a bike"
        ],
        "tts": [
          "man riding a bike: light skin tone"
        ]
      },
      "🚴🏼‍♂": {
        "default": [
          "bicycle",
          "biking",
          "cyclist",
          "man",
          "man riding a bike",
          "medium-light skin tone"
        ],
        "tts": [
          "man riding a bike: medium-light skin tone"
        ]
      },
      "🚴🏽‍♂": {
        "default": [
          "bicycle",
          "biking",
          "cyclist",
          "man",
          "man riding a bike",
          "medium skin tone"
        ],
        "tts": [
          "man riding a bike: medium skin tone"
        ]
      },
      "🚴🏾‍♂": {
        "default": [
          "bicycle",
          "biking",
          "cyclist",
          "man",
          "man riding a bike",
          "medium-dark skin tone"
        ],
        "tts": [
          "man riding a bike: medium-dark skin tone"
        ]
      },
      "🚴🏿‍♂": {
        "default": [
          "bicycle",
          "biking",
          "cyclist",
          "dark skin tone",
          "man",
          "man riding a bike"
        ],
        "tts": [
          "man riding a bike: dark skin tone"
        ]
      },
      "🚴🏻‍♀": {
        "default": [
          "bicycle",
          "biking",
          "cyclist",
          "light skin tone",
          "woman",
          "woman riding a bike"
        ],
        "tts": [
          "woman riding a bike: light skin tone"
        ]
      },
      "🚴🏼‍♀": {
        "default": [
          "bicycle",
          "biking",
          "cyclist",
          "medium-light skin tone",
          "woman",
          "woman riding a bike"
        ],
        "tts": [
          "woman riding a bike: medium-light skin tone"
        ]
      },
      "🚴🏽‍♀": {
        "default": [
          "bicycle",
          "biking",
          "cyclist",
          "medium skin tone",
          "woman",
          "woman riding a bike"
        ],
        "tts": [
          "woman riding a bike: medium skin tone"
        ]
      },
      "🚴🏾‍♀": {
        "default": [
          "bicycle",
          "biking",
          "cyclist",
          "medium-dark skin tone",
          "woman",
          "woman riding a bike"
        ],
        "tts": [
          "woman riding a bike: medium-dark skin tone"
        ]
      },
      "🚴🏿‍♀": {
        "default": [
          "bicycle",
          "biking",
          "cyclist",
          "dark skin tone",
          "woman",
          "woman riding a bike"
        ],
        "tts": [
          "woman riding a bike: dark skin tone"
        ]
      },
      "🤹🏻": {
        "default": [
          "balance",
          "juggle",
          "light skin tone",
          "multi-task",
          "person juggling",
          "skill"
        ]
      },
      "🤹🏼": {
        "default": [
          "balance",
          "juggle",
          "medium-light skin tone",
          "multi-task",
          "person juggling",
          "skill"
        ]
      },
      "🤹🏽": {
        "default": [
          "balance",
          "juggle",
          "medium skin tone",
          "multi-task",
          "person juggling",
          "skill"
        ]
      },
      "🤹🏾": {
        "default": [
          "balance",
          "juggle",
          "medium-dark skin tone",
          "multi-task",
          "person juggling",
          "skill"
        ]
      },
      "🤹🏿": {
        "default": [
          "balance",
          "dark skin tone",
          "juggle",
          "multi-task",
          "person juggling",
          "skill"
        ]
      },
      "🤹🏻‍♂": {
        "default": [
          "juggling",
          "light skin tone",
          "man",
          "multi-task"
        ]
      },
      "🤹🏼‍♂": {
        "default": [
          "juggling",
          "man",
          "medium-light skin tone",
          "multi-task"
        ]
      },
      "🤹🏽‍♂": {
        "default": [
          "juggling",
          "man",
          "medium skin tone",
          "multi-task"
        ]
      },
      "🤹🏾‍♂": {
        "default": [
          "juggling",
          "man",
          "medium-dark skin tone",
          "multi-task"
        ]
      },
      "🤹🏿‍♂": {
        "default": [
          "dark skin tone",
          "juggling",
          "man",
          "multi-task"
        ]
      },
      "🤹🏻‍♀": {
        "default": [
          "juggling",
          "light skin tone",
          "multi-task",
          "woman"
        ]
      },
      "🤹🏼‍♀": {
        "default": [
          "juggling",
          "medium-light skin tone",
          "multi-task",
          "woman"
        ]
      },
      "🤹🏽‍♀": {
        "default": [
          "juggling",
          "medium skin tone",
          "multi-task",
          "woman"
        ]
      },
      "🤹🏾‍♀": {
        "default": [
          "juggling",
          "medium-dark skin tone",
          "multi-task",
          "woman"
        ]
      },
      "🤹🏿‍♀": {
        "default": [
          "dark skin tone",
          "juggling",
          "multi-task",
          "woman"
        ]
      },
      "🛀🏻": {
        "default": [
          "bath",
          "bathtub",
          "light skin tone",
          "person taking bath",
          "tub"
        ]
      },
      "🛀🏼": {
        "default": [
          "bath",
          "bathtub",
          "medium-light skin tone",
          "person taking bath",
          "tub"
        ]
      },
      "🛀🏽": {
        "default": [
          "bath",
          "bathtub",
          "medium skin tone",
          "person taking bath",
          "tub"
        ]
      },
      "🛀🏾": {
        "default": [
          "bath",
          "bathtub",
          "medium-dark skin tone",
          "person taking bath",
          "tub"
        ]
      },
      "🛀🏿": {
        "default": [
          "bath",
          "bathtub",
          "dark skin tone",
          "person taking bath",
          "tub"
        ]
      },
      "🛌🏻": {
        "default": [
          "hotel",
          "light skin tone",
          "person in bed",
          "sleep",
          "sleeping"
        ]
      },
      "🛌🏼": {
        "default": [
          "hotel",
          "medium-light skin tone",
          "person in bed",
          "sleep",
          "sleeping"
        ]
      },
      "🛌🏽": {
        "default": [
          "hotel",
          "medium skin tone",
          "person in bed",
          "sleep",
          "sleeping"
        ]
      },
      "🛌🏾": {
        "default": [
          "hotel",
          "medium-dark skin tone",
          "person in bed",
          "sleep",
          "sleeping"
        ]
      },
      "🛌🏿": {
        "default": [
          "dark skin tone",
          "hotel",
          "person in bed",
          "sleep",
          "sleeping"
        ]
      },
      "₪": {
        "tts": [
          "Israeli Shekel"
        ]
      }
    }
  }
}
