{
  "annotationsDerived": {
    "identity": {
      "version": {
        "_cldrVersion": "41"
      },
      "language": "en",
      "territory": "001"
    },
    "annotations": {
      "🙌🏻": {
        "default": [
          "celebration",
          "gesture",
          "hand",
          "hooray",
          "light skin tone",
          "woo hoo",
          "yay"
        ]
      },
      "🙌🏼": {
        "default": [
          "celebration",
          "gesture",
          "hand",
          "hooray",
          "medium-light skin tone",
          "woo hoo",
          "yay"
        ]
      },
      "🙌🏽": {
        "default": [
          "celebration",
          "gesture",
          "hand",
          "hooray",
          "medium skin tone",
          "woo hoo",
          "yay"
        ]
      },
      "🙌🏾": {
        "default": [
          "celebration",
          "gesture",
          "hand",
          "hooray",
          "medium-dark skin tone",
          "woo hoo",
          "yay"
        ]
      },
      "🙌🏿": {
        "default": [
          "celebration",
          "dark skin tone",
          "gesture",
          "hand",
          "hooray",
          "woo hoo",
          "yay"
        ]
      },
      "🙏🏻": {
        "default": [
          "ask",
          "hand",
          "high 5",
          "high five",
          "light skin tone",
          "please",
          "pray",
          "thanks"
        ]
      },
      "🙏🏼": {
        "default": [
          "ask",
          "hand",
          "high 5",
          "high five",
          "medium-light skin tone",
          "please",
          "pray",
          "thanks"
        ]
      },
      "🙏🏽": {
        "default": [
          "ask",
          "hand",
          "high 5",
          "high five",
          "medium skin tone",
          "please",
          "pray",
          "thanks"
        ]
      },
      "🙏🏾": {
        "default": [
          "ask",
          "hand",
          "high 5",
          "high five",
          "medium-dark skin tone",
          "please",
          "pray",
          "thanks"
        ]
      },
      "🙏🏿": {
        "default": [
          "ask",
          "dark skin tone",
          "hand",
          "high 5",
          "high five",
          "please",
          "pray",
          "thanks"
        ]
      },
      "👬🏻": {
        "default": [
          "couple",
          "Gemini",
          "holding hands",
          "light skin tone",
          "man",
          "men holding hands",
          "twins",
          "zodiac"
        ]
      },
      "👨🏻‍🤝‍👨🏼": {
        "default": [
          "couple",
          "Gemini",
          "holding hands",
          "light skin tone",
          "man",
          "medium-light skin tone",
          "men holding hands",
          "twins",
          "zodiac"
        ]
      },
      "👨🏻‍🤝‍👨🏽": {
        "default": [
          "couple",
          "Gemini",
          "holding hands",
          "light skin tone",
          "man",
          "medium skin tone",
          "men holding hands",
          "twins",
          "zodiac"
        ]
      },
      "👨🏻‍🤝‍👨🏾": {
        "default": [
          "couple",
          "Gemini",
          "holding hands",
          "light skin tone",
          "man",
          "medium-dark skin tone",
          "men holding hands",
          "twins",
          "zodiac"
        ]
      },
      "👨🏻‍🤝‍👨🏿": {
        "default": [
          "couple",
          "dark skin tone",
          "Gemini",
          "holding hands",
          "light skin tone",
          "man",
          "men holding hands",
          "twins",
          "zodiac"
        ]
      },
      "👨🏼‍🤝‍👨🏻": {
        "default": [
          "couple",
          "Gemini",
          "holding hands",
          "light skin tone",
          "man",
          "medium-light skin tone",
          "men holding hands",
          "twins",
          "zodiac"
        ]
      },
      "👬🏼": {
        "default": [
          "couple",
          "Gemini",
          "holding hands",
          "man",
          "medium-light skin tone",
          "men holding hands",
          "twins",
          "zodiac"
        ]
      },
      "👨🏼‍🤝‍👨🏽": {
        "default": [
          "couple",
          "Gemini",
          "holding hands",
          "man",
          "medium skin tone",
          "medium-light skin tone",
          "men holding hands",
          "twins",
          "zodiac"
        ]
      },
      "👨🏼‍🤝‍👨🏾": {
        "default": [
          "couple",
          "Gemini",
          "holding hands",
          "man",
          "medium-dark skin tone",
          "medium-light skin tone",
          "men holding hands",
          "twins",
          "zodiac"
        ]
      },
      "👨🏼‍🤝‍👨🏿": {
        "default": [
          "couple",
          "dark skin tone",
          "Gemini",
          "holding hands",
          "man",
          "medium-light skin tone",
          "men holding hands",
          "twins",
          "zodiac"
        ]
      },
      "👨🏽‍🤝‍👨🏻": {
        "default": [
          "couple",
          "Gemini",
          "holding hands",
          "light skin tone",
          "man",
          "medium skin tone",
          "men holding hands",
          "twins",
          "zodiac"
        ]
      },
      "👨🏽‍🤝‍👨🏼": {
        "default": [
          "couple",
          "Gemini",
          "holding hands",
          "man",
          "medium skin tone",
          "medium-light skin tone",
          "men holding hands",
          "twins",
          "zodiac"
        ]
      },
      "👬🏽": {
        "default": [
          "couple",
          "Gemini",
          "holding hands",
          "man",
          "medium skin tone",
          "men holding hands",
          "twins",
          "zodiac"
        ]
      },
      "👨🏽‍🤝‍👨🏾": {
        "default": [
          "couple",
          "Gemini",
          "holding hands",
          "man",
          "medium skin tone",
          "medium-dark skin tone",
          "men holding hands",
          "twins",
          "zodiac"
        ]
      },
      "👨🏽‍🤝‍👨🏿": {
        "default": [
          "couple",
          "dark skin tone",
          "Gemini",
          "holding hands",
          "man",
          "medium skin tone",
          "men holding hands",
          "twins",
          "zodiac"
        ]
      },
      "👨🏾‍🤝‍👨🏻": {
        "default": [
          "couple",
          "Gemini",
          "holding hands",
          "light skin tone",
          "man",
          "medium-dark skin tone",
          "men holding hands",
          "twins",
          "zodiac"
        ]
      },
      "👨🏾‍🤝‍👨🏼": {
        "default": [
          "couple",
          "Gemini",
          "holding hands",
          "man",
          "medium-dark skin tone",
          "medium-light skin tone",
          "men holding hands",
          "twins",
          "zodiac"
        ]
      },
      "👨🏾‍🤝‍👨🏽": {
        "default": [
          "couple",
          "Gemini",
          "holding hands",
          "man",
          "medium skin tone",
          "medium-dark skin tone",
          "men holding hands",
          "twins",
          "zodiac"
        ]
      },
      "👬🏾": {
        "default": [
          "couple",
          "Gemini",
          "holding hands",
          "man",
          "medium-dark skin tone",
          "men holding hands",
          "twins",
          "zodiac"
        ]
      },
      "👨🏾‍🤝‍👨🏿": {
        "default": [
          "couple",
          "dark skin tone",
          "Gemini",
          "holding hands",
          "man",
          "medium-dark skin tone",
          "men holding hands",
          "twins",
          "zodiac"
        ]
      },
      "👨🏿‍🤝‍👨🏻": {
        "default": [
          "couple",
          "dark skin tone",
          "Gemini",
          "holding hands",
          "light skin tone",
          "man",
          "men holding hands",
          "twins",
          "zodiac"
        ]
      },
      "👨🏿‍🤝‍👨🏼": {
        "default": [
          "couple",
          "dark skin tone",
          "Gemini",
          "holding hands",
          "man",
          "medium-light skin tone",
          "men holding hands",
          "twins",
          "zodiac"
        ]
      },
      "👨🏿‍🤝‍👨🏽": {
        "default": [
          "couple",
          "dark skin tone",
          "Gemini",
          "holding hands",
          "man",
          "medium skin tone",
          "men holding hands",
          "twins",
          "zodiac"
        ]
      },
      "👨🏿‍🤝‍👨🏾": {
        "default": [
          "couple",
          "dark skin tone",
          "Gemini",
          "holding hands",
          "man",
          "medium-dark skin tone",
          "men holding hands",
          "twins",
          "zodiac"
        ]
      },
      "👬🏿": {
        "default": [
          "couple",
          "dark skin tone",
          "Gemini",
          "holding hands",
          "man",
          "men holding hands",
          "twins",
          "zodiac"
        ]
      },
      "🇺🇲": {
        "tts": [
          "flag: US Outlying Islands"
        ]
      },
      "🇻🇮": {
        "tts": [
          "flag: US Virgin Islands"
        ]
      }
    }
  }
}
