{
  "supplemental": {
    "version": {
      "_unicodeVersion": "14.0.0",
      "_cldrVersion": "41"
    },
    "dayPeriodRuleSet": {
      "af": {
        "afternoon1": {
          "_before": "18:00",
          "_from": "12:00"
        },
        "evening1": {
          "_before": "24:00",
          "_from": "18:00"
        },
        "midnight": {
          "_at": "00:00"
        },
        "morning1": {
          "_before": "12:00",
          "_from": "05:00"
        },
        "night1": {
          "_before": "05:00",
          "_from": "00:00"
        }
      },
      "am": {
        "afternoon1": {
          "_before": "18:00",
          "_from": "12:00"
        },
        "evening1": {
          "_before": "24:00",
          "_from": "18:00"
        },
        "midnight": {
          "_at": "00:00"
        },
        "morning1": {
          "_before": "12:00",
          "_from": "06:00"
        },
        "night1": {
          "_before": "06:00",
          "_from": "00:00"
        },
        "noon": {
          "_at": "12:00"
        }
      },
      "ar": {
        "afternoon1": {
          "_before": "13:00",
          "_from": "12:00"
        },
        "afternoon2": {
          "_before": "18:00",
          "_from": "13:00"
        },
        "evening1": {
          "_before": "24:00",
          "_from": "18:00"
        },
        "morning1": {
          "_before": "06:00",
          "_from": "03:00"
        },
        "morning2": {
          "_before": "12:00",
          "_from": "06:00"
        },
        "night1": {
          "_before": "01:00",
          "_from": "00:00"
        },
        "night2": {
          "_before": "03:00",
          "_from": "01:00"
        }
      },
      "az": {
        "afternoon1": {
          "_before": "17:00",
          "_from": "12:00"
        },
        "evening1": {
          "_before": "19:00",
          "_from": "17:00"
        },
        "midnight": {
          "_at": "00:00"
        },
        "morning1": {
          "_before": "06:00",
          "_from": "04:00"
        },
        "morning2": {
          "_before": "12:00",
          "_from": "06:00"
        },
        "night1": {
          "_before": "24:00",
          "_from": "19:00"
        },
        "night2": {
          "_before": "04:00",
          "_from": "00:00"
        },
        "noon": {
          "_at": "12:00"
        }
      },
      "bg": {
        "afternoon1": {
          "_before": "18:00",
          "_from": "14:00"
        },
        "evening1": {
          "_before": "22:00",
          "_from": "18:00"
        },
        "midnight": {
          "_at": "00:00"
        },
        "morning1": {
          "_before": "11:00",
          "_from": "04:00"
        },
        "morning2": {
          "_before": "14:00",
          "_from": "11:00"
        },
        "night1": {
          "_before": "04:00",
          "_from": "22:00"
        }
      },
      "bn": {
        "afternoon1": {
          "_before": "16:00",
          "_from": "12:00"
        },
        "afternoon2": {
          "_before": "18:00",
          "_from": "16:00"
        },
        "evening1": {
          "_before": "20:00",
          "_from": "18:00"
        },
        "morning1": {
          "_before": "06:00",
          "_from": "04:00"
        },
        "morning2": {
          "_before": "12:00",
          "_from": "06:00"
        },
        "night1": {
          "_before": "04:00",
          "_from": "20:00"
        }
      },
      "bs": {
        "afternoon1": {
          "_before": "18:00",
          "_from": "12:00"
        },
        "evening1": {
          "_before": "21:00",
          "_from": "18:00"
        },
        "midnight": {
          "_at": "00:00"
        },
        "morning1": {
          "_before": "12:00",
          "_from": "04:00"
        },
        "night1": {
          "_before": "04:00",
          "_from": "21:00"
        },
        "noon": {
          "_at": "12:00"
        }
      },
      "ca": {
        "afternoon1": {
          "_before": "13:00",
          "_from": "12:00"
        },
        "afternoon2": {
          "_before": "19:00",
          "_from": "13:00"
        },
        "evening1": {
          "_before": "21:00",
          "_from": "19:00"
        },
        "midnight": {
          "_at": "00:00"
        },
        "morning1": {
          "_before": "06:00",
          "_from": "00:00"
        },
        "morning2": {
          "_before": "12:00",
          "_from": "06:00"
        },
        "night1": {
          "_before": "24:00",
          "_from": "21:00"
        }
      },
      "ccp": {
        "afternoon1": {
          "_before": "16:00",
          "_from": "12:00"
        },
        "afternoon2": {
          "_before": "18:00",
          "_from": "16:00"
        },
        "evening1": {
          "_before": "20:00",
          "_from": "18:00"
        },
        "morning1": {
          "_before": "06:00",
          "_from": "04:00"
        },
        "morning2": {
          "_before": "12:00",
          "_from": "06:00"
        },
        "night1": {
          "_before": "04:00",
          "_from": "20:00"
        }
      },
      "chr": {
        "afternoon1": {
          "_before": "24:00",
          "_from": "12:00"
        },
        "morning1": {
          "_before": "12:00",
          "_from": "00:00"
        },
        "noon": {
          "_at": "12:00"
        }
      },
      "cs": {
        "afternoon1": {
          "_before": "18:00",
          "_from": "12:00"
        },
        "evening1": {
          "_before": "22:00",
          "_from": "18:00"
        },
        "midnight": {
          "_at": "00:00"
        },
        "morning1": {
          "_before": "09:00",
          "_from": "04:00"
        },
        "morning2": {
          "_before": "12:00",
          "_from": "09:00"
        },
        "night1": {
          "_before": "04:00",
          "_from": "22:00"
        },
        "noon": {
          "_at": "12:00"
        }
      },
      "cy": {
        "afternoon1": {
          "_before": "18:00",
          "_from": "12:00"
        },
        "evening1": {
          "_before": "24:00",
          "_from": "18:00"
        },
        "midnight": {
          "_at": "00:00"
        },
        "morning1": {
          "_before": "12:00",
          "_from": "00:00"
        },
        "noon": {
          "_at": "12:00"
        }
      },
      "da": {
        "afternoon1": {
          "_before": "18:00",
          "_from": "12:00"
        },
        "evening1": {
          "_before": "24:00",
          "_from": "18:00"
        },
        "midnight": {
          "_at": "00:00"
        },
        "morning1": {
          "_before": "10:00",
          "_from": "05:00"
        },
        "morning2": {
          "_before": "12:00",
          "_from": "10:00"
        },
        "night1": {
          "_before": "05:00",
          "_from": "00:00"
        }
      },
      "de": {
        "afternoon1": {
          "_before": "13:00",
          "_from": "12:00"
        },
        "afternoon2": {
          "_before": "18:00",
          "_from": "13:00"
        },
        "evening1": {
          "_before": "24:00",
          "_from": "18:00"
        },
        "midnight": {
          "_at": "00:00"
        },
        "morning1": {
          "_before": "10:00",
          "_from": "05:00"
        },
        "morning2": {
          "_before": "12:00",
          "_from": "10:00"
        },
        "night1": {
          "_before": "05:00",
          "_from": "00:00"
        }
      },
      "ee": {
        "afternoon1": {
          "_before": "14:00",
          "_from": "12:00"
        },
        "afternoon2": {
          "_before": "18:00",
          "_from": "14:00"
        },
        "evening1": {
          "_before": "21:00",
          "_from": "18:00"
        },
        "morning1": {
          "_before": "05:00",
          "_from": "04:00"
        },
        "morning2": {
          "_before": "12:00",
          "_from": "05:00"
        },
        "night1": {
          "_before": "04:00",
          "_from": "21:00"
        }
      },
      "el": {
        "afternoon1": {
          "_before": "17:00",
          "_from": "12:00"
        },
        "evening1": {
          "_before": "20:00",
          "_from": "17:00"
        },
        "morning1": {
          "_before": "12:00",
          "_from": "04:00"
        },
        "night1": {
          "_before": "04:00",
          "_from": "20:00"
        }
      },
      "en": {
        "afternoon1": {
          "_before": "18:00",
          "_from": "12:00"
        },
        "evening1": {
          "_before": "21:00",
          "_from": "18:00"
        },
        "midnight": {
          "_at": "00:00"
        },
        "morning1": {
          "_before": "12:00",
          "_from": "06:00"
        },
        "night1": {
          "_before": "06:00",
          "_from": "21:00"
        },
        "noon": {
          "_at": "12:00"
        }
      },
      "es": {
        "evening1": {
          "_before": "20:00",
          "_from": "12:00"
        },
        "morning1": {
          "_before": "06:00",
          "_from": "00:00"
        },
        "morning2": {
          "_before": "12:00",
          "_from": "06:00"
        },
        "night1": {
          "_before": "24:00",
          "_from": "20:00"
        },
        "noon": {
          "_at": "12:00"
        }
      },
      "es-CO": {
        "evening1": {
          "_before": "20:00",
          "_from": "12:00"
        },
        "morning2": {
          "_before": "12:00",
          "_from": "00:00"
        },
        "night1": {
          "_before": "24:00",
          "_from": "20:00"
        },
        "noon": {
          "_at": "12:00"
        }
      },
      "et": {
        "afternoon1": {
          "_before": "18:00",
          "_from": "12:00"
        },
        "evening1": {
          "_before": "23:00",
          "_from": "18:00"
        },
        "midnight": {
          "_at": "00:00"
        },
        "morning1": {
          "_before": "12:00",
          "_from": "05:00"
        },
        "night1": {
          "_before": "05:00",
          "_from": "23:00"
        },
        "noon": {
          "_at": "12:00"
        }
      },
      "eu": {
        "afternoon1": {
          "_before": "14:00",
          "_from": "12:00"
        },
        "afternoon2": {
          "_before": "19:00",
          "_from": "14:00"
        },
        "evening1": {
          "_before": "21:00",
          "_from": "19:00"
        },
        "midnight": {
          "_at": "00:00"
        },
        "morning1": {
          "_before": "06:00",
          "_from": "00:00"
        },
        "morning2": {
          "_before": "12:00",
          "_from": "06:00"
        },
        "night1": {
          "_before": "24:00",
          "_from": "21:00"
        }
      },
      "fa": {
        "afternoon1": {
          "_before": "13:00",
          "_from": "12:00"
        },
        "afternoon2": {
          "_before": "19:00",
          "_from": "13:00"
        },
        "morning1": {
          "_before": "04:00",
          "_from": "01:00"
        },
        "morning2": {
          "_before": "12:00",
          "_from": "04:00"
        },
        "night1": {
          "_before": "24:00",
          "_from": "19:00"
        },
        "night2": {
          "_before": "01:00",
          "_from": "00:00"
        }
      },
      "fi": {
        "afternoon1": {
          "_before": "18:00",
          "_from": "12:00"
        },
        "evening1": {
          "_before": "23:00",
          "_from": "18:00"
        },
        "midnight": {
          "_at": "00:00"
        },
        "morning1": {
          "_before": "10:00",
          "_from": "05:00"
        },
        "morning2": {
          "_before": "12:00",
          "_from": "10:00"
        },
        "night1": {
          "_before": "05:00",
          "_from": "23:00"
        },
        "noon": {
          "_at": "12:00"
        }
      },
      "fil": {
        "afternoon1": {
          "_before": "16:00",
          "_from": "12:00"
        },
        "evening1": {
          "_before": "18:00",
          "_from": "16:00"
        },
        "midnight": {
          "_at": "00:00"
        },
        "morning1": {
          "_before": "06:00",
          "_from": "00:00"
        },
        "morning2": {
          "_before": "12:00",
          "_from": "06:00"
        },
        "night1": {
          "_before": "24:00",
          "_from": "18:00"
        },
        "noon": {
          "_at": "12:00"
        }
      },
      "fr": {
        "afternoon1": {
          "_before": "18:00",
          "_from": "12:00"
        },
        "evening1": {
          "_before": "24:00",
          "_from": "18:00"
        },
        "midnight": {
          "_at": "00:00"
        },
        "morning1": {
          "_before": "12:00",
          "_from": "04:00"
        },
        "night1": {
          "_before": "04:00",
          "_from": "00:00"
        },
        "noon": {
          "_at": "12:00"
        }
      },
      "gl": {
        "afternoon1": {
          "_before": "13:00",
          "_from": "12:00"
        },
        "evening1": {
          "_before": "21:00",
          "_from": "13:00"
        },
        "midnight": {
          "_at": "00:00"
        },
        "morning1": {
          "_before": "06:00",
          "_from": "00:00"
        },
        "morning2": {
          "_before": "12:00",
          "_from": "06:00"
        },
        "night1": {
          "_before": "24:00",
          "_from": "21:00"
        }
      },
      "gsw": {
        "afternoon1": {
          "_before": "14:00",
          "_from": "12:00"
        },
        "afternoon2": {
          "_before": "18:00",
          "_from": "14:00"
        },
        "evening1": {
          "_before": "24:00",
          "_from": "18:00"
        },
        "midnight": {
          "_at": "00:00"
        },
        "morning1": {
          "_before": "12:00",
          "_from": "05:00"
        },
        "night1": {
          "_before": "05:00",
          "_from": "00:00"
        }
      },
      "gu": {
        "afternoon1": {
          "_before": "16:00",
          "_from": "12:00"
        },
        "evening1": {
          "_before": "20:00",
          "_from": "16:00"
        },
        "midnight": {
          "_at": "00:00"
        },
        "morning1": {
          "_before": "12:00",
          "_from": "04:00"
        },
        "night1": {
          "_before": "04:00",
          "_from": "20:00"
        }
      },
      "he": {
        "afternoon1": {
          "_before": "16:00",
          "_from": "12:00"
        },
        "afternoon2": {
          "_before": "18:00",
          "_from": "16:00"
        },
        "evening1": {
          "_before": "22:00",
          "_from": "18:00"
        },
        "midnight": {
          "_at": "00:00"
        },
        "morning1": {
          "_before": "12:00",
          "_from": "06:00"
        },
        "night1": {
          "_before": "03:00",
          "_from": "22:00"
        },
        "night2": {
          "_before": "06:00",
          "_from": "03:00"
        }
      },
      "hi": {
        "afternoon1": {
          "_before": "16:00",
          "_from": "12:00"
        },
        "evening1": {
          "_before": "20:00",
          "_from": "16:00"
        },
        "midnight": {
          "_at": "00:00"
        },
        "morning1": {
          "_before": "12:00",
          "_from": "04:00"
        },
        "night1": {
          "_before": "04:00",
          "_from": "20:00"
        }
      },
      "hr": {
        "afternoon1": {
          "_before": "18:00",
          "_from": "12:00"
        },
        "evening1": {
          "_before": "21:00",
          "_from": "18:00"
        },
        "midnight": {
          "_at": "00:00"
        },
        "morning1": {
          "_before": "12:00",
          "_from": "04:00"
        },
        "night1": {
          "_before": "04:00",
          "_from": "21:00"
        },
        "noon": {
          "_at": "12:00"
        }
      },
      "hu": {
        "afternoon1": {
          "_before": "18:00",
          "_from": "12:00"
        },
        "evening1": {
          "_before": "21:00",
          "_from": "18:00"
        },
        "midnight": {
          "_at": "00:00"
        },
        "morning1": {
          "_before": "09:00",
          "_from": "06:00"
        },
        "morning2": {
          "_before": "12:00",
          "_from": "09:00"
        },
        "night1": {
          "_before": "04:00",
          "_from": "21:00"
        },
        "night2": {
          "_before": "06:00",
          "_from": "04:00"
        },
        "noon": {
          "_at": "12:00"
        }
      },
      "hy": {
        "afternoon1": {
          "_before": "18:00",
          "_from": "12:00"
        },
        "evening1": {
          "_before": "24:00",
          "_from": "18:00"
        },
        "midnight": {
          "_at": "00:00"
        },
        "morning1": {
          "_before": "12:00",
          "_from": "06:00"
        },
        "night1": {
          "_before": "06:00",
          "_from": "00:00"
        },
        "noon": {
          "_at": "12:00"
        }
      },
      "id": {
        "afternoon1": {
          "_before": "15:00",
          "_from": "10:00"
        },
        "evening1": {
          "_before": "18:00",
          "_from": "15:00"
        },
        "midnight": {
          "_at": "00:00"
        },
        "morning1": {
          "_before": "10:00",
          "_from": "00:00"
        },
        "night1": {
          "_before": "24:00",
          "_from": "18:00"
        },
        "noon": {
          "_at": "12:00"
        }
      },
      "is": {
        "afternoon1": {
          "_before": "18:00",
          "_from": "12:00"
        },
        "evening1": {
          "_before": "24:00",
          "_from": "18:00"
        },
        "midnight": {
          "_at": "00:00"
        },
        "morning1": {
          "_before": "12:00",
          "_from": "06:00"
        },
        "night1": {
          "_before": "06:00",
          "_from": "00:00"
        },
        "noon": {
          "_at": "12:00"
        }
      },
      "it": {
        "afternoon1": {
          "_before": "18:00",
          "_from": "12:00"
        },
        "evening1": {
          "_before": "24:00",
          "_from": "18:00"
        },
        "midnight": {
          "_at": "00:00"
        },
        "morning1": {
          "_before": "12:00",
          "_from": "06:00"
        },
        "night1": {
          "_before": "06:00",
          "_from": "00:00"
        },
        "noon": {
          "_at": "12:00"
        }
      },
      "ja": {
        "afternoon1": {
          "_before": "16:00",
          "_from": "12:00"
        },
        "evening1": {
          "_before": "19:00",
          "_from": "16:00"
        },
        "midnight": {
          "_at": "00:00"
        },
        "morning1": {
          "_before": "12:00",
          "_from": "04:00"
        },
        "night1": {
          "_before": "23:00",
          "_from": "19:00"
        },
        "night2": {
          "_before": "04:00",
          "_from": "23:00"
        },
        "noon": {
          "_at": "12:00"
        }
      },
      "ka": {
        "afternoon1": {
          "_before": "18:00",
          "_from": "12:00"
        },
        "evening1": {
          "_before": "21:00",
          "_from": "18:00"
        },
        "midnight": {
          "_at": "00:00"
        },
        "morning1": {
          "_before": "12:00",
          "_from": "05:00"
        },
        "night1": {
          "_before": "05:00",
          "_from": "21:00"
        },
        "noon": {
          "_at": "12:00"
        }
      },
      "kgp": {
        "afternoon1": {
          "_before": "19:00",
          "_from": "12:00"
        },
        "evening1": {
          "_before": "24:00",
          "_from": "19:00"
        },
        "midnight": {
          "_at": "00:00"
        },
        "morning1": {
          "_before": "12:00",
          "_from": "06:00"
        },
        "night1": {
          "_before": "06:00",
          "_from": "00:00"
        },
        "noon": {
          "_at": "12:00"
        }
      },
      "kk": {
        "afternoon1": {
          "_before": "18:00",
          "_from": "12:00"
        },
        "evening1": {
          "_before": "21:00",
          "_from": "18:00"
        },
        "midnight": {
          "_at": "00:00"
        },
        "morning1": {
          "_before": "12:00",
          "_from": "06:00"
        },
        "night1": {
          "_before": "06:00",
          "_from": "21:00"
        },
        "noon": {
          "_at": "12:00"
        }
      },
      "km": {
        "afternoon1": {
          "_before": "18:00",
          "_from": "12:00"
        },
        "evening1": {
          "_before": "21:00",
          "_from": "18:00"
        },
        "midnight": {
          "_at": "00:00"
        },
        "morning1": {
          "_before": "12:00",
          "_from": "00:00"
        },
        "night1": {
          "_before": "24:00",
          "_from": "21:00"
        },
        "noon": {
          "_at": "12:00"
        }
      },
      "kn": {
        "afternoon1": {
          "_before": "18:00",
          "_from": "12:00"
        },
        "evening1": {
          "_before": "21:00",
          "_from": "18:00"
        },
        "midnight": {
          "_at": "00:00"
        },
        "morning1": {
          "_before": "12:00",
          "_from": "06:00"
        },
        "night1": {
          "_before": "06:00",
          "_from": "21:00"
        }
      },
      "ko": {
        "afternoon1": {
          "_before": "18:00",
          "_from": "12:00"
        },
        "evening1": {
          "_before": "21:00",
          "_from": "18:00"
        },
        "midnight": {
          "_at": "00:00"
        },
        "morning1": {
          "_before": "06:00",
          "_from": "03:00"
        },
        "morning2": {
          "_before": "12:00",
          "_from": "06:00"
        },
        "night1": {
          "_before": "03:00",
          "_from": "21:00"
        },
        "noon": {
          "_at": "12:00"
        }
      },
      "ky": {
        "afternoon1": {
          "_before": "18:00",
          "_from": "12:00"
        },
        "evening1": {
          "_before": "21:00",
          "_from": "18:00"
        },
        "midnight": {
          "_at": "00:00"
        },
        "morning1": {
          "_before": "12:00",
          "_from": "06:00"
        },
        "night1": {
          "_before": "06:00",
          "_from": "21:00"
        },
        "noon": {
          "_at": "12:00"
        }
      },
      "lij": {
        "afternoon1": {
          "_before": "18:00",
          "_from": "12:00"
        },
        "evening1": {
          "_before": "22:00",
          "_from": "18:00"
        },
        "midnight": {
          "_at": "00:00"
        },
        "morning1": {
          "_before": "12:00",
          "_from": "06:00"
        },
        "night1": {
          "_before": "06:00",
          "_from": "22:00"
        },
        "noon": {
          "_at": "12:00"
        }
      },
      "lo": {
        "afternoon1": {
          "_before": "16:00",
          "_from": "12:00"
        },
        "evening1": {
          "_before": "20:00",
          "_from": "16:00"
        },
        "midnight": {
          "_at": "00:00"
        },
        "morning1": {
          "_before": "12:00",
          "_from": "05:00"
        },
        "night1": {
          "_before": "05:00",
          "_from": "20:00"
        },
        "noon": {
          "_at": "12:00"
        }
      },
      "lt": {
        "afternoon1": {
          "_before": "18:00",
          "_from": "12:00"
        },
        "evening1": {
          "_before": "24:00",
          "_from": "18:00"
        },
        "midnight": {
          "_at": "00:00"
        },
        "morning1": {
          "_before": "12:00",
          "_from": "06:00"
        },
        "night1": {
          "_before": "06:00",
          "_from": "00:00"
        },
        "noon": {
          "_at": "12:00"
        }
      },
      "lv": {
        "afternoon1": {
          "_before": "18:00",
          "_from": "12:00"
        },
        "evening1": {
          "_before": "23:00",
          "_from": "18:00"
        },
        "midnight": {
          "_at": "00:00"
        },
        "morning1": {
          "_before": "12:00",
          "_from": "06:00"
        },
        "night1": {
          "_before": "06:00",
          "_from": "23:00"
        },
        "noon": {
          "_at": "12:00"
        }
      },
      "mk": {
        "afternoon1": {
          "_before": "18:00",
          "_from": "12:00"
        },
        "evening1": {
          "_before": "24:00",
          "_from": "18:00"
        },
        "midnight": {
          "_at": "00:00"
        },
        "morning1": {
          "_before": "10:00",
          "_from": "04:00"
        },
        "morning2": {
          "_before": "12:00",
          "_from": "10:00"
        },
        "night1": {
          "_before": "04:00",
          "_from": "00:00"
        },
        "noon": {
          "_at": "12:00"
        }
      },
      "ml": {
        "afternoon1": {
          "_before": "14:00",
          "_from": "12:00"
        },
        "afternoon2": {
          "_before": "15:00",
          "_from": "14:00"
        },
        "evening1": {
          "_before": "18:00",
          "_from": "15:00"
        },
        "evening2": {
          "_before": "19:00",
          "_from": "18:00"
        },
        "midnight": {
          "_at": "00:00"
        },
        "morning1": {
          "_before": "06:00",
          "_from": "03:00"
        },
        "morning2": {
          "_before": "12:00",
          "_from": "06:00"
        },
        "night1": {
          "_before": "03:00",
          "_from": "19:00"
        },
        "noon": {
          "_at": "12:00"
        }
      },
      "mn": {
        "afternoon1": {
          "_before": "18:00",
          "_from": "12:00"
        },
        "evening1": {
          "_before": "21:00",
          "_from": "18:00"
        },
        "midnight": {
          "_at": "00:00"
        },
        "morning1": {
          "_before": "12:00",
          "_from": "06:00"
        },
        "night1": {
          "_before": "06:00",
          "_from": "21:00"
        },
        "noon": {
          "_at": "12:00"
        }
      },
      "mr": {
        "afternoon1": {
          "_before": "16:00",
          "_from": "12:00"
        },
        "evening1": {
          "_before": "18:00",
          "_from": "16:00"
        },
        "evening2": {
          "_before": "21:00",
          "_from": "18:00"
        },
        "midnight": {
          "_at": "00:00"
        },
        "morning1": {
          "_before": "06:00",
          "_from": "04:00"
        },
        "morning2": {
          "_before": "12:00",
          "_from": "06:00"
        },
        "night1": {
          "_before": "04:00",
          "_from": "21:00"
        },
        "noon": {
          "_at": "12:00"
        }
      },
      "ms": {
        "afternoon1": {
          "_before": "14:00",
          "_from": "12:00"
        },
        "evening1": {
          "_before": "19:00",
          "_from": "14:00"
        },
        "morning1": {
          "_before": "01:00",
          "_from": "00:00"
        },
        "morning2": {
          "_before": "12:00",
          "_from": "01:00"
        },
        "night1": {
          "_before": "24:00",
          "_from": "19:00"
        }
      },
      "my": {
        "afternoon1": {
          "_before": "16:00",
          "_from": "12:00"
        },
        "evening1": {
          "_before": "19:00",
          "_from": "16:00"
        },
        "midnight": {
          "_at": "00:00"
        },
        "morning1": {
          "_before": "12:00",
          "_from": "00:00"
        },
        "night1": {
          "_before": "24:00",
          "_from": "19:00"
        },
        "noon": {
          "_at": "12:00"
        }
      },
      "nb": {
        "afternoon1": {
          "_before": "18:00",
          "_from": "12:00"
        },
        "evening1": {
          "_before": "24:00",
          "_from": "18:00"
        },
        "midnight": {
          "_at": "00:00"
        },
        "morning1": {
          "_before": "10:00",
          "_from": "06:00"
        },
        "morning2": {
          "_before": "12:00",
          "_from": "10:00"
        },
        "night1": {
          "_before": "06:00",
          "_from": "00:00"
        }
      },
      "ne": {
        "afternoon1": {
          "_before": "16:00",
          "_from": "12:00"
        },
        "afternoon2": {
          "_before": "19:00",
          "_from": "16:00"
        },
        "evening1": {
          "_before": "22:00",
          "_from": "19:00"
        },
        "midnight": {
          "_at": "00:00"
        },
        "morning1": {
          "_before": "12:00",
          "_from": "04:00"
        },
        "night1": {
          "_before": "04:00",
          "_from": "22:00"
        },
        "noon": {
          "_at": "12:00"
        }
      },
      "nl": {
        "afternoon1": {
          "_before": "18:00",
          "_from": "12:00"
        },
        "evening1": {
          "_before": "24:00",
          "_from": "18:00"
        },
        "midnight": {
          "_at": "00:00"
        },
        "morning1": {
          "_before": "12:00",
          "_from": "06:00"
        },
        "night1": {
          "_before": "06:00",
          "_from": "00:00"
        }
      },
      "nn": {
        "afternoon1": {
          "_before": "18:00",
          "_from": "12:00"
        },
        "evening1": {
          "_before": "24:00",
          "_from": "18:00"
        },
        "midnight": {
          "_at": "00:00"
        },
        "morning1": {
          "_before": "10:00",
          "_from": "06:00"
        },
        "morning2": {
          "_before": "12:00",
          "_from": "10:00"
        },
        "night1": {
          "_before": "06:00",
          "_from": "00:00"
        }
      },
      "no": {
        "afternoon1": {
          "_before": "18:00",
          "_from": "12:00"
        },
        "evening1": {
          "_before": "24:00",
          "_from": "18:00"
        },
        "midnight": {
          "_at": "00:00"
        },
        "morning1": {
          "_before": "10:00",
          "_from": "06:00"
        },
        "morning2": {
          "_before": "12:00",
          "_from": "10:00"
        },
        "night1": {
          "_before": "06:00",
          "_from": "00:00"
        }
      },
      "pa": {
        "afternoon1": {
          "_before": "16:00",
          "_from": "12:00"
        },
        "evening1": {
          "_before": "21:00",
          "_from": "16:00"
        },
        "midnight": {
          "_at": "00:00"
        },
        "morning1": {
          "_before": "12:00",
          "_from": "04:00"
        },
        "night1": {
          "_before": "04:00",
          "_from": "21:00"
        }
      },
      "pl": {
        "afternoon1": {
          "_before": "18:00",
          "_from": "12:00"
        },
        "evening1": {
          "_before": "21:00",
          "_from": "18:00"
        },
        "midnight": {
          "_at": "00:00"
        },
        "morning1": {
          "_before": "10:00",
          "_from": "06:00"
        },
        "morning2": {
          "_before": "12:00",
          "_from": "10:00"
        },
        "night1": {
          "_before": "06:00",
          "_from": "21:00"
        },
        "noon": {
          "_at": "12:00"
        }
      },
      "pt": {
        "afternoon1": {
          "_before": "19:00",
          "_from": "12:00"
        },
        "evening1": {
          "_before": "24:00",
          "_from": "19:00"
        },
        "midnight": {
          "_at": "00:00"
        },
        "morning1": {
          "_before": "12:00",
          "_from": "06:00"
        },
        "night1": {
          "_before": "06:00",
          "_from": "00:00"
        },
        "noon": {
          "_at": "12:00"
        }
      },
      "ro": {
        "afternoon1": {
          "_before": "18:00",
          "_from": "12:00"
        },
        "evening1": {
          "_before": "22:00",
          "_from": "18:00"
        },
        "midnight": {
          "_at": "00:00"
        },
        "morning1": {
          "_before": "12:00",
          "_from": "05:00"
        },
        "night1": {
          "_before": "05:00",
          "_from": "22:00"
        },
        "noon": {
          "_at": "12:00"
        }
      },
      "ru": {
        "afternoon1": {
          "_before": "18:00",
          "_from": "12:00"
        },
        "evening1": {
          "_before": "22:00",
          "_from": "18:00"
        },
        "midnight": {
          "_at": "00:00"
        },
        "morning1": {
          "_before": "12:00",
          "_from": "04:00"
        },
        "night1": {
          "_before": "04:00",
          "_from": "22:00"
        },
        "noon": {
          "_at": "12:00"
        }
      },
      "si": {
        "afternoon1": {
          "_before": "14:00",
          "_from": "12:00"
        },
        "evening1": {
          "_before": "18:00",
          "_from": "14:00"
        },
        "midnight": {
          "_at": "00:00"
        },
        "morning1": {
          "_before": "06:00",
          "_from": "01:00"
        },
        "morning2": {
          "_before": "12:00",
          "_from": "06:00"
        },
        "night1": {
          "_before": "24:00",
          "_from": "18:00"
        },
        "night2": {
          "_before": "01:00",
          "_from": "00:00"
        },
        "noon": {
          "_at": "12:00"
        }
      },
      "sk": {
        "afternoon1": {
          "_before": "18:00",
          "_from": "12:00"
        },
        "evening1": {
          "_before": "22:00",
          "_from": "18:00"
        },
        "midnight": {
          "_at": "00:00"
        },
        "morning1": {
          "_before": "09:00",
          "_from": "04:00"
        },
        "morning2": {
          "_before": "12:00",
          "_from": "09:00"
        },
        "night1": {
          "_before": "04:00",
          "_from": "22:00"
        },
        "noon": {
          "_at": "12:00"
        }
      },
      "sl": {
        "afternoon1": {
          "_before": "18:00",
          "_from": "12:00"
        },
        "evening1": {
          "_before": "22:00",
          "_from": "18:00"
        },
        "midnight": {
          "_at": "00:00"
        },
        "morning1": {
          "_before": "10:00",
          "_from": "06:00"
        },
        "morning2": {
          "_before": "12:00",
          "_from": "10:00"
        },
        "night1": {
          "_before": "06:00",
          "_from": "22:00"
        },
        "noon": {
          "_at": "12:00"
        }
      },
      "sq": {
        "afternoon1": {
          "_before": "18:00",
          "_from": "12:00"
        },
        "evening1": {
          "_before": "24:00",
          "_from": "18:00"
        },
        "midnight": {
          "_at": "00:00"
        },
        "morning1": {
          "_before": "09:00",
          "_from": "04:00"
        },
        "morning2": {
          "_before": "12:00",
          "_from": "09:00"
        },
        "night1": {
          "_before": "04:00",
          "_from": "00:00"
        },
        "noon": {
          "_at": "12:00"
        }
      },
      "sr": {
        "afternoon1": {
          "_before": "18:00",
          "_from": "12:00"
        },
        "evening1": {
          "_before": "21:00",
          "_from": "18:00"
        },
        "midnight": {
          "_at": "00:00"
        },
        "morning1": {
          "_before": "12:00",
          "_from": "06:00"
        },
        "night1": {
          "_before": "06:00",
          "_from": "21:00"
        },
        "noon": {
          "_at": "12:00"
        }
      },
      "sv": {
        "afternoon1": {
          "_before": "18:00",
          "_from": "12:00"
        },
        "evening1": {
          "_before": "24:00",
          "_from": "18:00"
        },
        "midnight": {
          "_at": "00:00"
        },
        "morning1": {
          "_before": "10:00",
          "_from": "05:00"
        },
        "morning2": {
          "_before": "12:00",
          "_from": "10:00"
        },
        "night1": {
          "_before": "05:00",
          "_from": "00:00"
        }
      },
      "sw": {
        "afternoon1": {
          "_before": "16:00",
          "_from": "12:00"
        },
        "evening1": {
          "_before": "19:00",
          "_from": "16:00"
        },
        "midnight": {
          "_at": "00:00"
        },
        "morning1": {
          "_before": "07:00",
          "_from": "04:00"
        },
        "morning2": {
          "_before": "12:00",
          "_from": "07:00"
        },
        "night1": {
          "_before": "04:00",
          "_from": "19:00"
        },
        "noon": {
          "_at": "12:00"
        }
      },
      "ta": {
        "afternoon1": {
          "_before": "14:00",
          "_from": "12:00"
        },
        "afternoon2": {
          "_before": "16:00",
          "_from": "14:00"
        },
        "evening1": {
          "_before": "18:00",
          "_from": "16:00"
        },
        "evening2": {
          "_before": "21:00",
          "_from": "18:00"
        },
        "midnight": {
          "_at": "00:00"
        },
        "morning1": {
          "_before": "05:00",
          "_from": "03:00"
        },
        "morning2": {
          "_before": "12:00",
          "_from": "05:00"
        },
        "night1": {
          "_before": "03:00",
          "_from": "21:00"
        },
        "noon": {
          "_at": "12:00"
        }
      },
      "te": {
        "afternoon1": {
          "_before": "18:00",
          "_from": "12:00"
        },
        "evening1": {
          "_before": "21:00",
          "_from": "18:00"
        },
        "midnight": {
          "_at": "00:00"
        },
        "morning1": {
          "_before": "12:00",
          "_from": "06:00"
        },
        "night1": {
          "_before": "06:00",
          "_from": "21:00"
        }
      },
      "th": {
        "afternoon1": {
          "_before": "13:00",
          "_from": "12:00"
        },
        "afternoon2": {
          "_before": "16:00",
          "_from": "13:00"
        },
        "evening1": {
          "_before": "18:00",
          "_from": "16:00"
        },
        "evening2": {
          "_before": "21:00",
          "_from": "18:00"
        },
        "midnight": {
          "_at": "00:00"
        },
        "morning1": {
          "_before": "12:00",
          "_from": "06:00"
        },
        "night1": {
          "_before": "06:00",
          "_from": "21:00"
        },
        "noon": {
          "_at": "12:00"
        }
      },
      "tr": {
        "afternoon1": {
          "_before": "18:00",
          "_from": "12:00"
        },
        "afternoon2": {
          "_before": "19:00",
          "_from": "18:00"
        },
        "evening1": {
          "_before": "21:00",
          "_from": "19:00"
        },
        "midnight": {
          "_at": "00:00"
        },
        "morning1": {
          "_before": "11:00",
          "_from": "06:00"
        },
        "morning2": {
          "_before": "12:00",
          "_from": "11:00"
        },
        "night1": {
          "_before": "06:00",
          "_from": "21:00"
        },
        "noon": {
          "_at": "12:00"
        }
      },
      "uk": {
        "afternoon1": {
          "_before": "18:00",
          "_from": "12:00"
        },
        "evening1": {
          "_before": "24:00",
          "_from": "18:00"
        },
        "midnight": {
          "_at": "00:00"
        },
        "morning1": {
          "_before": "12:00",
          "_from": "04:00"
        },
        "night1": {
          "_before": "04:00",
          "_from": "00:00"
        },
        "noon": {
          "_at": "12:00"
        }
      },
      "und": {
        "am": {
          "_before": "12:00",
          "_from": "00:00"
        },
        "pm": {
          "_before": "24:00",
          "_from": "12:00"
        }
      },
      "ur": {
        "afternoon1": {
          "_before": "16:00",
          "_from": "12:00"
        },
        "afternoon2": {
          "_before": "18:00",
          "_from": "16:00"
        },
        "evening1": {
          "_before": "20:00",
          "_from": "18:00"
        },
        "midnight": {
          "_at": "00:00"
        },
        "morning1": {
          "_before": "12:00",
          "_from": "04:00"
        },
        "night1": {
          "_before": "04:00",
          "_from": "20:00"
        }
      },
      "uz": {
        "afternoon1": {
          "_before": "18:00",
          "_from": "11:00"
        },
        "evening1": {
          "_before": "22:00",
          "_from": "18:00"
        },
        "midnight": {
          "_at": "00:00"
        },
        "morning1": {
          "_before": "11:00",
          "_from": "06:00"
        },
        "night1": {
          "_before": "06:00",
          "_from": "22:00"
        },
        "noon": {
          "_at": "12:00"
        }
      },
      "vi": {
        "afternoon1": {
          "_before": "18:00",
          "_from": "12:00"
        },
        "evening1": {
          "_before": "21:00",
          "_from": "18:00"
        },
        "midnight": {
          "_at": "00:00"
        },
        "morning1": {
          "_before": "12:00",
          "_from": "04:00"
        },
        "night1": {
          "_before": "04:00",
          "_from": "21:00"
        },
        "noon": {
          "_at": "12:00"
        }
      },
      "yrl": {
        "afternoon1": {
          "_before": "19:00",
          "_from": "12:00"
        },
        "evening1": {
          "_before": "24:00",
          "_from": "19:00"
        },
        "midnight": {
          "_at": "00:00"
        },
        "morning1": {
          "_before": "12:00",
          "_from": "06:00"
        },
        "night1": {
          "_before": "06:00",
          "_from": "00:00"
        },
        "noon": {
          "_at": "12:00"
        }
      },
      "yue": {
        "afternoon1": {
          "_before": "13:00",
          "_from": "12:00"
        },
        "afternoon2": {
          "_before": "19:00",
          "_from": "13:00"
        },
        "evening1": {
          "_before": "24:00",
          "_from": "19:00"
        },
        "midnight": {
          "_at": "00:00"
        },
        "morning1": {
          "_before": "08:00",
          "_from": "05:00"
        },
        "morning2": {
          "_before": "12:00",
          "_from": "08:00"
        },
        "night1": {
          "_before": "05:00",
          "_from": "00:00"
        }
      },
      "zh": {
        "afternoon1": {
          "_before": "13:00",
          "_from": "12:00"
        },
        "afternoon2": {
          "_before": "19:00",
          "_from": "13:00"
        },
        "evening1": {
          "_before": "24:00",
          "_from": "19:00"
        },
        "midnight": {
          "_at": "00:00"
        },
        "morning1": {
          "_before": "08:00",
          "_from": "05:00"
        },
        "morning2": {
          "_before": "12:00",
          "_from": "08:00"
        },
        "night1": {
          "_before": "05:00",
          "_from": "00:00"
        }
      },
      "zu": {
        "afternoon1": {
          "_before": "13:00",
          "_from": "10:00"
        },
        "evening1": {
          "_before": "19:00",
          "_from": "13:00"
        },
        "morning1": {
          "_before": "06:00",
          "_from": "00:00"
        },
        "morning2": {
          "_before": "10:00",
          "_from": "06:00"
        },
        "night1": {
          "_before": "24:00",
          "_from": "19:00"
        }
      }
    },
    "dayPeriodRuleSet-type-selection": {
      "af": {
        "afternoon1": {
          "_before": "18:00",
          "_from": "12:00"
        },
        "evening1": {
          "_before": "24:00",
          "_from": "18:00"
        },
        "morning1": {
          "_before": "12:00",
          "_from": "05:00"
        },
        "night1": {
          "_before": "05:00",
          "_from": "00:00"
        }
      },
      "am": {
        "afternoon1": {
          "_before": "18:00",
          "_from": "12:00"
        },
        "evening1": {
          "_before": "24:00",
          "_from": "18:00"
        },
        "morning1": {
          "_before": "12:00",
          "_from": "06:00"
        },
        "night1": {
          "_before": "06:00",
          "_from": "00:00"
        }
      },
      "ar": {
        "afternoon1": {
          "_before": "13:00",
          "_from": "12:00"
        },
        "afternoon2": {
          "_before": "18:00",
          "_from": "13:00"
        },
        "evening1": {
          "_before": "24:00",
          "_from": "18:00"
        },
        "morning1": {
          "_before": "06:00",
          "_from": "03:00"
        },
        "morning2": {
          "_before": "12:00",
          "_from": "06:00"
        },
        "night1": {
          "_before": "01:00",
          "_from": "00:00"
        },
        "night2": {
          "_before": "03:00",
          "_from": "01:00"
        }
      },
      "az": {
        "afternoon1": {
          "_before": "17:00",
          "_from": "12:00"
        },
        "evening1": {
          "_before": "19:00",
          "_from": "17:00"
        },
        "morning1": {
          "_before": "06:00",
          "_from": "04:00"
        },
        "morning2": {
          "_before": "12:00",
          "_from": "06:00"
        },
        "night1": {
          "_before": "24:00",
          "_from": "19:00"
        },
        "night2": {
          "_before": "04:00",
          "_from": "00:00"
        }
      },
      "bg": {
        "afternoon1": {
          "_before": "18:00",
          "_from": "14:00"
        },
        "evening1": {
          "_before": "22:00",
          "_from": "18:00"
        },
        "morning1": {
          "_before": "11:00",
          "_from": "04:00"
        },
        "morning2": {
          "_before": "14:00",
          "_from": "11:00"
        },
        "night1": {
          "_before": "04:00",
          "_from": "22:00"
        }
      },
      "bn": {
        "afternoon1": {
          "_before": "16:00",
          "_from": "12:00"
        },
        "afternoon2": {
          "_before": "18:00",
          "_from": "16:00"
        },
        "evening1": {
          "_before": "20:00",
          "_from": "18:00"
        },
        "morning1": {
          "_before": "06:00",
          "_from": "04:00"
        },
        "morning2": {
          "_before": "12:00",
          "_from": "06:00"
        },
        "night1": {
          "_before": "04:00",
          "_from": "20:00"
        }
      },
      "bs": {
        "afternoon1": {
          "_before": "18:00",
          "_from": "12:00"
        },
        "evening1": {
          "_before": "21:00",
          "_from": "18:00"
        },
        "morning1": {
          "_before": "12:00",
          "_from": "04:00"
        },
        "night1": {
          "_before": "04:00",
          "_from": "21:00"
        }
      },
      "ca": {
        "afternoon1": {
          "_before": "13:00",
          "_from": "12:00"
        },
        "afternoon2": {
          "_before": "19:00",
          "_from": "13:00"
        },
        "evening1": {
          "_before": "21:00",
          "_from": "19:00"
        },
        "morning1": {
          "_before": "06:00",
          "_from": "00:00"
        },
        "morning2": {
          "_before": "12:00",
          "_from": "06:00"
        },
        "night1": {
          "_before": "24:00",
          "_from": "21:00"
        }
      },
      "ccp": {
        "afternoon1": {
          "_before": "16:00",
          "_from": "12:00"
        },
        "afternoon2": {
          "_before": "18:00",
          "_from": "16:00"
        },
        "evening1": {
          "_before": "20:00",
          "_from": "18:00"
        },
        "morning1": {
          "_before": "06:00",
          "_from": "04:00"
        },
        "morning2": {
          "_before": "12:00",
          "_from": "06:00"
        },
        "night1": {
          "_before": "04:00",
          "_from": "20:00"
        }
      },
      "chr": {
        "afternoon1": {
          "_before": "24:00",
          "_from": "12:00"
        },
        "morning1": {
          "_before": "12:00",
          "_from": "00:00"
        }
      },
      "cs": {
        "afternoon1": {
          "_before": "18:00",
          "_from": "12:00"
        },
        "evening1": {
          "_before": "22:00",
          "_from": "18:00"
        },
        "morning1": {
          "_before": "09:00",
          "_from": "04:00"
        },
        "morning2": {
          "_before": "12:00",
          "_from": "09:00"
        },
        "night1": {
          "_before": "04:00",
          "_from": "22:00"
        }
      },
      "cy": {
        "afternoon1": {
          "_before": "18:00",
          "_from": "12:00"
        },
        "evening1": {
          "_before": "24:00",
          "_from": "18:00"
        },
        "morning1": {
          "_before": "12:00",
          "_from": "00:00"
        }
      },
      "da": {
        "afternoon1": {
          "_before": "18:00",
          "_from": "12:00"
        },
        "evening1": {
          "_before": "24:00",
          "_from": "18:00"
        },
        "morning1": {
          "_before": "10:00",
          "_from": "05:00"
        },
        "morning2": {
          "_before": "12:00",
          "_from": "10:00"
        },
        "night1": {
          "_before": "05:00",
          "_from": "00:00"
        }
      },
      "de": {
        "afternoon1": {
          "_before": "13:00",
          "_from": "12:00"
        },
        "afternoon2": {
          "_before": "18:00",
          "_from": "13:00"
        },
        "evening1": {
          "_before": "24:00",
          "_from": "18:00"
        },
        "morning1": {
          "_before": "10:00",
          "_from": "05:00"
        },
        "morning2": {
          "_before": "12:00",
          "_from": "10:00"
        },
        "night1": {
          "_before": "05:00",
          "_from": "00:00"
        }
      },
      "ee": {
        "afternoon1": {
          "_before": "14:00",
          "_from": "12:00"
        },
        "afternoon2": {
          "_before": "18:00",
          "_from": "14:00"
        },
        "evening1": {
          "_before": "21:00",
          "_from": "18:00"
        },
        "morning1": {
          "_before": "05:00",
          "_from": "04:00"
        },
        "morning2": {
          "_before": "12:00",
          "_from": "05:00"
        },
        "night1": {
          "_before": "04:00",
          "_from": "21:00"
        }
      },
      "el": {
        "afternoon1": {
          "_before": "17:00",
          "_from": "12:00"
        },
        "evening1": {
          "_before": "20:00",
          "_from": "17:00"
        },
        "morning1": {
          "_before": "12:00",
          "_from": "04:00"
        },
        "night1": {
          "_before": "04:00",
          "_from": "20:00"
        }
      },
      "en": {
        "afternoon1": {
          "_before": "18:00",
          "_from": "12:00"
        },
        "evening1": {
          "_before": "21:00",
          "_from": "18:00"
        },
        "morning1": {
          "_before": "12:00",
          "_from": "06:00"
        },
        "night1": {
          "_before": "06:00",
          "_from": "21:00"
        }
      },
      "es": {
        "evening1": {
          "_before": "20:00",
          "_from": "12:00"
        },
        "morning1": {
          "_before": "06:00",
          "_from": "00:00"
        },
        "morning2": {
          "_before": "12:00",
          "_from": "06:00"
        },
        "night1": {
          "_before": "24:00",
          "_from": "20:00"
        }
      },
      "es-CO": {
        "evening1": {
          "_before": "20:00",
          "_from": "12:00"
        },
        "morning2": {
          "_before": "12:00",
          "_from": "00:00"
        },
        "night1": {
          "_before": "24:00",
          "_from": "20:00"
        }
      },
      "et": {
        "afternoon1": {
          "_before": "18:00",
          "_from": "12:00"
        },
        "evening1": {
          "_before": "23:00",
          "_from": "18:00"
        },
        "morning1": {
          "_before": "12:00",
          "_from": "05:00"
        },
        "night1": {
          "_before": "05:00",
          "_from": "23:00"
        }
      },
      "eu": {
        "afternoon1": {
          "_before": "14:00",
          "_from": "12:00"
        },
        "afternoon2": {
          "_before": "19:00",
          "_from": "14:00"
        },
        "evening1": {
          "_before": "21:00",
          "_from": "19:00"
        },
        "morning1": {
          "_before": "06:00",
          "_from": "00:00"
        },
        "morning2": {
          "_before": "12:00",
          "_from": "06:00"
        },
        "night1": {
          "_before": "24:00",
          "_from": "21:00"
        }
      },
      "fa": {
        "afternoon1": {
          "_before": "13:00",
          "_from": "12:00"
        },
        "afternoon2": {
          "_before": "19:00",
          "_from": "13:00"
        },
        "morning1": {
          "_before": "04:00",
          "_from": "01:00"
        },
        "morning2": {
          "_before": "12:00",
          "_from": "04:00"
        },
        "night1": {
          "_before": "24:00",
          "_from": "19:00"
        },
        "night2": {
          "_before": "01:00",
          "_from": "00:00"
        }
      },
      "fi": {
        "afternoon1": {
          "_before": "18:00",
          "_from": "12:00"
        },
        "evening1": {
          "_before": "23:00",
          "_from": "18:00"
        },
        "morning1": {
          "_before": "10:00",
          "_from": "05:00"
        },
        "morning2": {
          "_before": "12:00",
          "_from": "10:00"
        },
        "night1": {
          "_before": "05:00",
          "_from": "23:00"
        }
      },
      "fil": {
        "afternoon1": {
          "_before": "16:00",
          "_from": "12:00"
        },
        "evening1": {
          "_before": "18:00",
          "_from": "16:00"
        },
        "morning1": {
          "_before": "06:00",
          "_from": "00:00"
        },
        "morning2": {
          "_before": "12:00",
          "_from": "06:00"
        },
        "night1": {
          "_before": "24:00",
          "_from": "18:00"
        }
      },
      "fr": {
        "afternoon1": {
          "_before": "18:00",
          "_from": "12:00"
        },
        "evening1": {
          "_before": "24:00",
          "_from": "18:00"
        },
        "morning1": {
          "_before": "12:00",
          "_from": "04:00"
        },
        "night1": {
          "_before": "04:00",
          "_from": "00:00"
        }
      },
      "gl": {
        "afternoon1": {
          "_before": "13:00",
          "_from": "12:00"
        },
        "evening1": {
          "_before": "21:00",
          "_from": "13:00"
        },
        "morning1": {
          "_before": "06:00",
          "_from": "00:00"
        },
        "morning2": {
          "_before": "12:00",
          "_from": "06:00"
        },
        "night1": {
          "_before": "24:00",
          "_from": "21:00"
        }
      },
      "gsw": {
        "afternoon1": {
          "_before": "14:00",
          "_from": "12:00"
        },
        "afternoon2": {
          "_before": "18:00",
          "_from": "14:00"
        },
        "evening1": {
          "_before": "24:00",
          "_from": "18:00"
        },
        "midnight": {
          "_at": "00:00"
        },
        "morning1": {
          "_before": "12:00",
          "_from": "05:00"
        },
        "night1": {
          "_before": "05:00",
          "_from": "00:00"
        }
      },
      "gu": {
        "afternoon1": {
          "_before": "16:00",
          "_from": "12:00"
        },
        "evening1": {
          "_before": "20:00",
          "_from": "16:00"
        },
        "morning1": {
          "_before": "12:00",
          "_from": "04:00"
        },
        "night1": {
          "_before": "04:00",
          "_from": "20:00"
        }
      },
      "he": {
        "afternoon1": {
          "_before": "16:00",
          "_from": "12:00"
        },
        "afternoon2": {
          "_before": "18:00",
          "_from": "16:00"
        },
        "evening1": {
          "_before": "22:00",
          "_from": "18:00"
        },
        "morning1": {
          "_before": "12:00",
          "_from": "06:00"
        },
        "night1": {
          "_before": "03:00",
          "_from": "22:00"
        },
        "night2": {
          "_before": "06:00",
          "_from": "03:00"
        }
      },
      "hi": {
        "afternoon1": {
          "_before": "16:00",
          "_from": "12:00"
        },
        "evening1": {
          "_before": "20:00",
          "_from": "16:00"
        },
        "morning1": {
          "_before": "12:00",
          "_from": "04:00"
        },
        "night1": {
          "_before": "04:00",
          "_from": "20:00"
        }
      },
      "hr": {
        "afternoon1": {
          "_before": "18:00",
          "_from": "12:00"
        },
        "evening1": {
          "_before": "21:00",
          "_from": "18:00"
        },
        "morning1": {
          "_before": "12:00",
          "_from": "04:00"
        },
        "night1": {
          "_before": "04:00",
          "_from": "21:00"
        }
      },
      "hu": {
        "afternoon1": {
          "_before": "18:00",
          "_from": "12:00"
        },
        "evening1": {
          "_before": "21:00",
          "_from": "18:00"
        },
        "morning1": {
          "_before": "09:00",
          "_from": "06:00"
        },
        "morning2": {
          "_before": "12:00",
          "_from": "09:00"
        },
        "night1": {
          "_before": "04:00",
          "_from": "21:00"
        },
        "night2": {
          "_before": "06:00",
          "_from": "04:00"
        }
      },
      "hy": {
        "afternoon1": {
          "_before": "18:00",
          "_from": "12:00"
        },
        "evening1": {
          "_before": "24:00",
          "_from": "18:00"
        },
        "morning1": {
          "_before": "12:00",
          "_from": "06:00"
        },
        "night1": {
          "_before": "06:00",
          "_from": "00:00"
        }
      },
      "id": {
        "afternoon1": {
          "_before": "15:00",
          "_from": "10:00"
        },
        "evening1": {
          "_before": "18:00",
          "_from": "15:00"
        },
        "morning1": {
          "_before": "10:00",
          "_from": "00:00"
        },
        "night1": {
          "_before": "24:00",
          "_from": "18:00"
        }
      },
      "is": {
        "afternoon1": {
          "_before": "18:00",
          "_from": "12:00"
        },
        "evening1": {
          "_before": "24:00",
          "_from": "18:00"
        },
        "morning1": {
          "_before": "12:00",
          "_from": "06:00"
        },
        "night1": {
          "_before": "06:00",
          "_from": "00:00"
        }
      },
      "it": {
        "afternoon1": {
          "_before": "18:00",
          "_from": "12:00"
        },
        "evening1": {
          "_before": "24:00",
          "_from": "18:00"
        },
        "morning1": {
          "_before": "12:00",
          "_from": "06:00"
        },
        "night1": {
          "_before": "06:00",
          "_from": "00:00"
        }
      },
      "ja": {
        "afternoon1": {
          "_before": "16:00",
          "_from": "12:00"
        },
        "evening1": {
          "_before": "19:00",
          "_from": "16:00"
        },
        "morning1": {
          "_before": "12:00",
          "_from": "04:00"
        },
        "night1": {
          "_before": "23:00",
          "_from": "19:00"
        },
        "night2": {
          "_before": "04:00",
          "_from": "23:00"
        }
      },
      "ka": {
        "afternoon1": {
          "_before": "18:00",
          "_from": "12:00"
        },
        "evening1": {
          "_before": "21:00",
          "_from": "18:00"
        },
        "morning1": {
          "_before": "12:00",
          "_from": "05:00"
        },
        "night1": {
          "_before": "05:00",
          "_from": "21:00"
        }
      },
      "kgp": {
        "afternoon1": {
          "_before": "19:00",
          "_from": "12:00"
        },
        "evening1": {
          "_before": "24:00",
          "_from": "19:00"
        },
        "morning1": {
          "_before": "12:00",
          "_from": "06:00"
        },
        "night1": {
          "_before": "06:00",
          "_from": "00:00"
        }
      },
      "kk": {
        "afternoon1": {
          "_before": "18:00",
          "_from": "12:00"
        },
        "evening1": {
          "_before": "21:00",
          "_from": "18:00"
        },
        "morning1": {
          "_before": "12:00",
          "_from": "06:00"
        },
        "night1": {
          "_before": "06:00",
          "_from": "21:00"
        }
      },
      "km": {
        "afternoon1": {
          "_before": "18:00",
          "_from": "12:00"
        },
        "evening1": {
          "_before": "21:00",
          "_from": "18:00"
        },
        "morning1": {
          "_before": "12:00",
          "_from": "00:00"
        },
        "night1": {
          "_before": "24:00",
          "_from": "21:00"
        }
      },
      "kn": {
        "afternoon1": {
          "_before": "18:00",
          "_from": "12:00"
        },
        "evening1": {
          "_before": "21:00",
          "_from": "18:00"
        },
        "morning1": {
          "_before": "12:00",
          "_from": "06:00"
        },
        "night1": {
          "_before": "06:00",
          "_from": "21:00"
        }
      },
      "ko": {
        "afternoon1": {
          "_before": "18:00",
          "_from": "12:00"
        },
        "evening1": {
          "_before": "21:00",
          "_from": "18:00"
        },
        "morning1": {
          "_before": "06:00",
          "_from": "03:00"
        },
        "morning2": {
          "_before": "12:00",
          "_from": "06:00"
        },
        "night1": {
          "_before": "03:00",
          "_from": "21:00"
        }
      },
      "ky": {
        "afternoon1": {
          "_before": "18:00",
          "_from": "12:00"
        },
        "evening1": {
          "_before": "21:00",
          "_from": "18:00"
        },
        "morning1": {
          "_before": "12:00",
          "_from": "06:00"
        },
        "night1": {
          "_before": "06:00",
          "_from": "21:00"
        }
      },
      "lij": {
        "afternoon1": {
          "_before": "18:00",
          "_from": "12:00"
        },
        "evening1": {
          "_before": "22:00",
          "_from": "18:00"
        },
        "morning1": {
          "_before": "12:00",
          "_from": "06:00"
        },
        "night1": {
          "_before": "06:00",
          "_from": "22:00"
        }
      },
      "lo": {
        "afternoon1": {
          "_before": "16:00",
          "_from": "12:00"
        },
        "evening1": {
          "_before": "20:00",
          "_from": "16:00"
        },
        "morning1": {
          "_before": "12:00",
          "_from": "05:00"
        },
        "night1": {
          "_before": "05:00",
          "_from": "20:00"
        }
      },
      "lt": {
        "afternoon1": {
          "_before": "18:00",
          "_from": "12:00"
        },
        "evening1": {
          "_before": "24:00",
          "_from": "18:00"
        },
        "morning1": {
          "_before": "12:00",
          "_from": "06:00"
        },
        "night1": {
          "_before": "06:00",
          "_from": "00:00"
        }
      },
      "lv": {
        "afternoon1": {
          "_before": "18:00",
          "_from": "12:00"
        },
        "evening1": {
          "_before": "23:00",
          "_from": "18:00"
        },
        "morning1": {
          "_before": "12:00",
          "_from": "06:00"
        },
        "night1": {
          "_before": "06:00",
          "_from": "23:00"
        }
      },
      "mk": {
        "afternoon1": {
          "_before": "18:00",
          "_from": "12:00"
        },
        "evening1": {
          "_before": "24:00",
          "_from": "18:00"
        },
        "morning1": {
          "_before": "10:00",
          "_from": "04:00"
        },
        "morning2": {
          "_before": "12:00",
          "_from": "10:00"
        },
        "night1": {
          "_before": "04:00",
          "_from": "00:00"
        }
      },
      "ml": {
        "afternoon1": {
          "_before": "14:00",
          "_from": "12:00"
        },
        "afternoon2": {
          "_before": "15:00",
          "_from": "14:00"
        },
        "evening1": {
          "_before": "18:00",
          "_from": "15:00"
        },
        "evening2": {
          "_before": "19:00",
          "_from": "18:00"
        },
        "morning1": {
          "_before": "06:00",
          "_from": "03:00"
        },
        "morning2": {
          "_before": "12:00",
          "_from": "06:00"
        },
        "night1": {
          "_before": "03:00",
          "_from": "19:00"
        }
      },
      "mn": {
        "afternoon1": {
          "_before": "18:00",
          "_from": "12:00"
        },
        "evening1": {
          "_before": "21:00",
          "_from": "18:00"
        },
        "morning1": {
          "_before": "12:00",
          "_from": "06:00"
        },
        "night1": {
          "_before": "06:00",
          "_from": "21:00"
        }
      },
      "mr": {
        "afternoon1": {
          "_before": "16:00",
          "_from": "12:00"
        },
        "evening1": {
          "_before": "18:00",
          "_from": "16:00"
        },
        "evening2": {
          "_before": "21:00",
          "_from": "18:00"
        },
        "morning1": {
          "_before": "06:00",
          "_from": "04:00"
        },
        "morning2": {
          "_before": "12:00",
          "_from": "06:00"
        },
        "night1": {
          "_before": "04:00",
          "_from": "21:00"
        }
      },
      "ms": {
        "afternoon1": {
          "_before": "14:00",
          "_from": "12:00"
        },
        "evening1": {
          "_before": "19:00",
          "_from": "14:00"
        },
        "morning1": {
          "_before": "01:00",
          "_from": "00:00"
        },
        "morning2": {
          "_before": "12:00",
          "_from": "01:00"
        },
        "night1": {
          "_before": "24:00",
          "_from": "19:00"
        }
      },
      "my": {
        "afternoon1": {
          "_before": "16:00",
          "_from": "12:00"
        },
        "evening1": {
          "_before": "19:00",
          "_from": "16:00"
        },
        "morning1": {
          "_before": "12:00",
          "_from": "00:00"
        },
        "night1": {
          "_before": "24:00",
          "_from": "19:00"
        }
      },
      "nb": {
        "afternoon1": {
          "_before": "18:00",
          "_from": "12:00"
        },
        "evening1": {
          "_before": "24:00",
          "_from": "18:00"
        },
        "morning1": {
          "_before": "10:00",
          "_from": "06:00"
        },
        "morning2": {
          "_before": "12:00",
          "_from": "10:00"
        },
        "night1": {
          "_before": "06:00",
          "_from": "00:00"
        }
      },
      "ne": {
        "afternoon1": {
          "_before": "16:00",
          "_from": "12:00"
        },
        "afternoon2": {
          "_before": "19:00",
          "_from": "16:00"
        },
        "evening1": {
          "_before": "22:00",
          "_from": "19:00"
        },
        "morning1": {
          "_before": "12:00",
          "_from": "04:00"
        },
        "night1": {
          "_before": "04:00",
          "_from": "22:00"
        }
      },
      "nl": {
        "afternoon1": {
          "_before": "18:00",
          "_from": "12:00"
        },
        "evening1": {
          "_before": "24:00",
          "_from": "18:00"
        },
        "morning1": {
          "_before": "12:00",
          "_from": "06:00"
        },
        "night1": {
          "_before": "06:00",
          "_from": "00:00"
        }
      },
      "nn": {
        "afternoon1": {
          "_before": "18:00",
          "_from": "12:00"
        },
        "evening1": {
          "_before": "24:00",
          "_from": "18:00"
        },
        "morning1": {
          "_before": "10:00",
          "_from": "06:00"
        },
        "morning2": {
          "_before": "12:00",
          "_from": "10:00"
        },
        "night1": {
          "_before": "06:00",
          "_from": "00:00"
        }
      },
      "no": {
        "afternoon1": {
          "_before": "18:00",
          "_from": "12:00"
        },
        "evening1": {
          "_before": "24:00",
          "_from": "18:00"
        },
        "morning1": {
          "_before": "10:00",
          "_from": "06:00"
        },
        "morning2": {
          "_before": "12:00",
          "_from": "10:00"
        },
        "night1": {
          "_before": "06:00",
          "_from": "00:00"
        }
      },
      "pa": {
        "afternoon1": {
          "_before": "16:00",
          "_from": "12:00"
        },
        "evening1": {
          "_before": "21:00",
          "_from": "16:00"
        },
        "morning1": {
          "_before": "12:00",
          "_from": "04:00"
        },
        "night1": {
          "_before": "04:00",
          "_from": "21:00"
        }
      },
      "pl": {
        "afternoon1": {
          "_before": "18:00",
          "_from": "12:00"
        },
        "evening1": {
          "_before": "21:00",
          "_from": "18:00"
        },
        "morning1": {
          "_before": "10:00",
          "_from": "06:00"
        },
        "morning2": {
          "_before": "12:00",
          "_from": "10:00"
        },
        "night1": {
          "_before": "06:00",
          "_from": "21:00"
        }
      },
      "pt": {
        "afternoon1": {
          "_before": "19:00",
          "_from": "12:00"
        },
        "evening1": {
          "_before": "24:00",
          "_from": "19:00"
        },
        "morning1": {
          "_before": "12:00",
          "_from": "06:00"
        },
        "night1": {
          "_before": "06:00",
          "_from": "00:00"
        }
      },
      "ro": {
        "afternoon1": {
          "_before": "18:00",
          "_from": "12:00"
        },
        "evening1": {
          "_before": "22:00",
          "_from": "18:00"
        },
        "morning1": {
          "_before": "12:00",
          "_from": "05:00"
        },
        "night1": {
          "_before": "05:00",
          "_from": "22:00"
        }
      },
      "ru": {
        "afternoon1": {
          "_before": "18:00",
          "_from": "12:00"
        },
        "evening1": {
          "_before": "22:00",
          "_from": "18:00"
        },
        "morning1": {
          "_before": "12:00",
          "_from": "04:00"
        },
        "night1": {
          "_before": "04:00",
          "_from": "22:00"
        }
      },
      "si": {
        "afternoon1": {
          "_before": "14:00",
          "_from": "12:00"
        },
        "evening1": {
          "_before": "18:00",
          "_from": "14:00"
        },
        "morning1": {
          "_before": "06:00",
          "_from": "01:00"
        },
        "morning2": {
          "_before": "12:00",
          "_from": "06:00"
        },
        "night1": {
          "_before": "24:00",
          "_from": "18:00"
        },
        "night2": {
          "_before": "01:00",
          "_from": "00:00"
        }
      },
      "sk": {
        "afternoon1": {
          "_before": "18:00",
          "_from": "12:00"
        },
        "evening1": {
          "_before": "22:00",
          "_from": "18:00"
        },
        "morning1": {
          "_before": "09:00",
          "_from": "04:00"
        },
        "morning2": {
          "_before": "12:00",
          "_from": "09:00"
        },
        "night1": {
          "_before": "04:00",
          "_from": "22:00"
        }
      },
      "sl": {
        "afternoon1": {
          "_before": "18:00",
          "_from": "12:00"
        },
        "evening1": {
          "_before": "22:00",
          "_from": "18:00"
        },
        "morning1": {
          "_before": "10:00",
          "_from": "06:00"
        },
        "morning2": {
          "_before": "12:00",
          "_from": "10:00"
        },
        "night1": {
          "_before": "06:00",
          "_from": "22:00"
        }
      },
      "sq": {
        "afternoon1": {
          "_before": "18:00",
          "_from": "12:00"
        },
        "evening1": {
          "_before": "24:00",
          "_from": "18:00"
        },
        "morning1": {
          "_before": "09:00",
          "_from": "04:00"
        },
        "morning2": {
          "_before": "12:00",
          "_from": "09:00"
        },
        "night1": {
          "_before": "04:00",
          "_from": "00:00"
        }
      },
      "sr": {
        "afternoon1": {
          "_before": "18:00",
          "_from": "12:00"
        },
        "evening1": {
          "_before": "21:00",
          "_from": "18:00"
        },
        "morning1": {
          "_before": "12:00",
          "_from": "06:00"
        },
        "night1": {
          "_before": "06:00",
          "_from": "21:00"
        }
      },
      "sv": {
        "afternoon1": {
          "_before": "18:00",
          "_from": "12:00"
        },
        "evening1": {
          "_before": "24:00",
          "_from": "18:00"
        },
        "morning1": {
          "_before": "10:00",
          "_from": "05:00"
        },
        "morning2": {
          "_before": "12:00",
          "_from": "10:00"
        },
        "night1": {
          "_before": "05:00",
          "_from": "00:00"
        }
      },
      "sw": {
        "afternoon1": {
          "_before": "16:00",
          "_from": "12:00"
        },
        "evening1": {
          "_before": "19:00",
          "_from": "16:00"
        },
        "morning1": {
          "_before": "07:00",
          "_from": "04:00"
        },
        "morning2": {
          "_before": "12:00",
          "_from": "07:00"
        },
        "night1": {
          "_before": "04:00",
          "_from": "19:00"
        }
      },
      "ta": {
        "afternoon1": {
          "_before": "14:00",
          "_from": "12:00"
        },
        "afternoon2": {
          "_before": "16:00",
          "_from": "14:00"
        },
        "evening1": {
          "_before": "18:00",
          "_from": "16:00"
        },
        "evening2": {
          "_before": "21:00",
          "_from": "18:00"
        },
        "morning1": {
          "_before": "05:00",
          "_from": "03:00"
        },
        "morning2": {
          "_before": "12:00",
          "_from": "05:00"
        },
        "night1": {
          "_before": "03:00",
          "_from": "21:00"
        }
      },
      "te": {
        "afternoon1": {
          "_before": "18:00",
          "_from": "12:00"
        },
        "evening1": {
          "_before": "21:00",
          "_from": "18:00"
        },
        "morning1": {
          "_before": "12:00",
          "_from": "06:00"
        },
        "night1": {
          "_before": "06:00",
          "_from": "21:00"
        }
      },
      "th": {
        "afternoon1": {
          "_before": "13:00",
          "_from": "12:00"
        },
        "afternoon2": {
          "_before": "16:00",
          "_from": "13:00"
        },
        "evening1": {
          "_before": "18:00",
          "_from": "16:00"
        },
        "evening2": {
          "_before": "21:00",
          "_from": "18:00"
        },
        "morning1": {
          "_before": "12:00",
          "_from": "06:00"
        },
        "night1": {
          "_before": "06:00",
          "_from": "21:00"
        }
      },
      "tr": {
        "afternoon1": {
          "_before": "18:00",
          "_from": "12:00"
        },
        "afternoon2": {
          "_before": "19:00",
          "_from": "18:00"
        },
        "evening1": {
          "_before": "21:00",
          "_from": "19:00"
        },
        "morning1": {
          "_before": "11:00",
          "_from": "06:00"
        },
        "morning2": {
          "_before": "12:00",
          "_from": "11:00"
        },
        "night1": {
          "_before": "06:00",
          "_from": "21:00"
        }
      },
      "uk": {
        "afternoon1": {
          "_before": "18:00",
          "_from": "12:00"
        },
        "evening1": {
          "_before": "24:00",
          "_from": "18:00"
        },
        "morning1": {
          "_before": "12:00",
          "_from": "04:00"
        },
        "night1": {
          "_before": "04:00",
          "_from": "00:00"
        }
      },
      "und": {
        "am": {
          "_before": "12:00",
          "_from": "00:00"
        },
        "pm": {
          "_before": "24:00",
          "_from": "12:00"
        }
      },
      "ur": {
        "afternoon1": {
          "_before": "16:00",
          "_from": "12:00"
        },
        "afternoon2": {
          "_before": "18:00",
          "_from": "16:00"
        },
        "evening1": {
          "_before": "20:00",
          "_from": "18:00"
        },
        "morning1": {
          "_before": "12:00",
          "_from": "04:00"
        },
        "night1": {
          "_before": "04:00",
          "_from": "20:00"
        }
      },
      "uz": {
        "afternoon1": {
          "_before": "18:00",
          "_from": "11:00"
        },
        "evening1": {
          "_before": "22:00",
          "_from": "18:00"
        },
        "morning1": {
          "_before": "11:00",
          "_from": "06:00"
        },
        "night1": {
          "_before": "06:00",
          "_from": "22:00"
        }
      },
      "vi": {
        "afternoon1": {
          "_before": "18:00",
          "_from": "12:00"
        },
        "evening1": {
          "_before": "21:00",
          "_from": "18:00"
        },
        "morning1": {
          "_before": "12:00",
          "_from": "04:00"
        },
        "night1": {
          "_before": "04:00",
          "_from": "21:00"
        }
      },
      "yrl": {
        "afternoon1": {
          "_before": "19:00",
          "_from": "12:00"
        },
        "evening1": {
          "_before": "24:00",
          "_from": "19:00"
        },
        "morning1": {
          "_before": "12:00",
          "_from": "06:00"
        },
        "night1": {
          "_before": "06:00",
          "_from": "00:00"
        }
      },
      "yue": {
        "afternoon1": {
          "_before": "13:00",
          "_from": "12:00"
        },
        "afternoon2": {
          "_before": "19:00",
          "_from": "13:00"
        },
        "evening1": {
          "_before": "24:00",
          "_from": "19:00"
        },
        "morning1": {
          "_before": "08:00",
          "_from": "05:00"
        },
        "morning2": {
          "_before": "12:00",
          "_from": "08:00"
        },
        "night1": {
          "_before": "05:00",
          "_from": "00:00"
        }
      },
      "zh": {
        "afternoon1": {
          "_before": "13:00",
          "_from": "12:00"
        },
        "afternoon2": {
          "_before": "19:00",
          "_from": "13:00"
        },
        "evening1": {
          "_before": "24:00",
          "_from": "19:00"
        },
        "morning1": {
          "_before": "08:00",
          "_from": "05:00"
        },
        "morning2": {
          "_before": "12:00",
          "_from": "08:00"
        },
        "night1": {
          "_before": "05:00",
          "_from": "00:00"
        }
      },
      "zu": {
        "afternoon1": {
          "_before": "13:00",
          "_from": "10:00"
        },
        "evening1": {
          "_before": "19:00",
          "_from": "13:00"
        },
        "morning1": {
          "_before": "06:00",
          "_from": "00:00"
        },
        "morning2": {
          "_before": "10:00",
          "_from": "06:00"
        },
        "night1": {
          "_before": "24:00",
          "_from": "19:00"
        }
      }
    }
  }
}
