{
  "supplemental": {
    "version": {
      "_unicodeVersion": "14.0.0",
      "_cldrVersion": "41"
    },
    "plurals": {
      "af": {
        "pluralRange-start-one-end-other": "other",
        "pluralRange-start-other-end-one": "other",
        "pluralRange-start-other-end-other": "other"
      },
      "ak": {
        "pluralRange-start-one-end-one": "other",
        "pluralRange-start-one-end-other": "other",
        "pluralRange-start-other-end-one": "one",
        "pluralRange-start-other-end-other": "other"
      },
      "am": {
        "pluralRange-start-one-end-one": "one",
        "pluralRange-start-one-end-other": "other",
        "pluralRange-start-other-end-other": "other"
      },
      "an": {
        "pluralRange-start-one-end-other": "other",
        "pluralRange-start-other-end-one": "other",
        "pluralRange-start-other-end-other": "other"
      },
      "ar": {
        "pluralRange-start-few-end-few": "few",
        "pluralRange-start-few-end-many": "many",
        "pluralRange-start-few-end-other": "other",
        "pluralRange-start-many-end-few": "few",
        "pluralRange-start-many-end-many": "many",
        "pluralRange-start-many-end-other": "other",
        "pluralRange-start-one-end-few": "few",
        "pluralRange-start-one-end-many": "many",
        "pluralRange-start-one-end-other": "other",
        "pluralRange-start-one-end-two": "other",
        "pluralRange-start-other-end-few": "few",
        "pluralRange-start-other-end-many": "many",
        "pluralRange-start-other-end-one": "other",
        "pluralRange-start-other-end-other": "other",
        "pluralRange-start-other-end-two": "other",
        "pluralRange-start-two-end-few": "few",
        "pluralRange-start-two-end-many": "many",
        "pluralRange-start-two-end-other": "other",
        "pluralRange-start-zero-end-few": "few",
        "pluralRange-start-zero-end-many": "many",
        "pluralRange-start-zero-end-one": "zero",
        "pluralRange-start-zero-end-other": "other",
        "pluralRange-start-zero-end-two": "zero"
      },
      "as": {
        "pluralRange-start-one-end-one": "one",
        "pluralRange-start-one-end-other": "other",
        "pluralRange-start-other-end-other": "other"
      },
      "az": {
        "pluralRange-start-one-end-other": "other",
        "pluralRange-start-other-end-one": "one",
        "pluralRange-start-other-end-other": "other"
      },
      "be": {
        "pluralRange-start-few-end-few": "few",
        "pluralRange-start-few-end-many": "many",
        "pluralRange-start-few-end-one": "one",
        "pluralRange-start-few-end-other": "other",
        "pluralRange-start-many-end-few": "few",
        "pluralRange-start-many-end-many": "many",
        "pluralRange-start-many-end-one": "one",
        "pluralRange-start-many-end-other": "other",
        "pluralRange-start-one-end-few": "few",
        "pluralRange-start-one-end-many": "many",
        "pluralRange-start-one-end-one": "one",
        "pluralRange-start-one-end-other": "other",
        "pluralRange-start-other-end-few": "few",
        "pluralRange-start-other-end-many": "many",
        "pluralRange-start-other-end-one": "one",
        "pluralRange-start-other-end-other": "other"
      },
      "bg": {
        "pluralRange-start-one-end-other": "other",
        "pluralRange-start-other-end-one": "other",
        "pluralRange-start-other-end-other": "other"
      },
      "bn": {
        "pluralRange-start-one-end-one": "one",
        "pluralRange-start-one-end-other": "other",
        "pluralRange-start-other-end-other": "other"
      },
      "bs": {
        "pluralRange-start-few-end-few": "few",
        "pluralRange-start-few-end-one": "one",
        "pluralRange-start-few-end-other": "other",
        "pluralRange-start-one-end-few": "few",
        "pluralRange-start-one-end-one": "one",
        "pluralRange-start-one-end-other": "other",
        "pluralRange-start-other-end-few": "few",
        "pluralRange-start-other-end-one": "one",
        "pluralRange-start-other-end-other": "other"
      },
      "ca": {
        "pluralRange-start-one-end-other": "other",
        "pluralRange-start-other-end-one": "other",
        "pluralRange-start-other-end-other": "other"
      },
      "cs": {
        "pluralRange-start-few-end-few": "few",
        "pluralRange-start-few-end-many": "many",
        "pluralRange-start-few-end-other": "other",
        "pluralRange-start-many-end-few": "few",
        "pluralRange-start-many-end-many": "many",
        "pluralRange-start-many-end-one": "one",
        "pluralRange-start-many-end-other": "other",
        "pluralRange-start-one-end-few": "few",
        "pluralRange-start-one-end-many": "many",
        "pluralRange-start-one-end-other": "other",
        "pluralRange-start-other-end-few": "few",
        "pluralRange-start-other-end-many": "many",
        "pluralRange-start-other-end-one": "one",
        "pluralRange-start-other-end-other": "other"
      },
      "cy": {
        "pluralRange-start-few-end-many": "many",
        "pluralRange-start-few-end-other": "other",
        "pluralRange-start-many-end-other": "other",
        "pluralRange-start-one-end-few": "few",
        "pluralRange-start-one-end-many": "many",
        "pluralRange-start-one-end-other": "other",
        "pluralRange-start-one-end-two": "two",
        "pluralRange-start-other-end-few": "few",
        "pluralRange-start-other-end-many": "many",
        "pluralRange-start-other-end-one": "one",
        "pluralRange-start-other-end-other": "other",
        "pluralRange-start-other-end-two": "two",
        "pluralRange-start-two-end-few": "few",
        "pluralRange-start-two-end-many": "many",
        "pluralRange-start-two-end-other": "other",
        "pluralRange-start-zero-end-few": "few",
        "pluralRange-start-zero-end-many": "many",
        "pluralRange-start-zero-end-one": "one",
        "pluralRange-start-zero-end-other": "other",
        "pluralRange-start-zero-end-two": "two"
      },
      "da": {
        "pluralRange-start-one-end-one": "one",
        "pluralRange-start-one-end-other": "other",
        "pluralRange-start-other-end-one": "one",
        "pluralRange-start-other-end-other": "other"
      },
      "de": {
        "pluralRange-start-one-end-other": "other",
        "pluralRange-start-other-end-one": "one",
        "pluralRange-start-other-end-other": "other"
      },
      "el": {
        "pluralRange-start-one-end-other": "other",
        "pluralRange-start-other-end-one": "one",
        "pluralRange-start-other-end-other": "other"
      },
      "en": {
        "pluralRange-start-one-end-other": "other",
        "pluralRange-start-other-end-one": "other",
        "pluralRange-start-other-end-other": "other"
      },
      "es": {
        "pluralRange-start-one-end-other": "other",
        "pluralRange-start-other-end-one": "other",
        "pluralRange-start-other-end-other": "other"
      },
      "et": {
        "pluralRange-start-one-end-other": "other",
        "pluralRange-start-other-end-one": "other",
        "pluralRange-start-other-end-other": "other"
      },
      "eu": {
        "pluralRange-start-one-end-other": "other",
        "pluralRange-start-other-end-one": "other",
        "pluralRange-start-other-end-other": "other"
      },
      "fa": {
        "pluralRange-start-one-end-one": "other",
        "pluralRange-start-one-end-other": "other",
        "pluralRange-start-other-end-one": "one",
        "pluralRange-start-other-end-other": "other"
      },
      "fi": {
        "pluralRange-start-one-end-other": "other",
        "pluralRange-start-other-end-one": "other",
        "pluralRange-start-other-end-other": "other"
      },
      "fil": {
        "pluralRange-start-one-end-one": "one",
        "pluralRange-start-one-end-other": "other",
        "pluralRange-start-other-end-one": "one",
        "pluralRange-start-other-end-other": "other"
      },
      "fr": {
        "pluralRange-start-one-end-one": "one",
        "pluralRange-start-one-end-other": "other",
        "pluralRange-start-other-end-other": "other"
      },
      "ga": {
        "pluralRange-start-few-end-few": "few",
        "pluralRange-start-few-end-many": "many",
        "pluralRange-start-few-end-other": "other",
        "pluralRange-start-many-end-many": "many",
        "pluralRange-start-many-end-other": "other",
        "pluralRange-start-one-end-few": "few",
        "pluralRange-start-one-end-many": "many",
        "pluralRange-start-one-end-other": "other",
        "pluralRange-start-one-end-two": "two",
        "pluralRange-start-other-end-few": "few",
        "pluralRange-start-other-end-many": "many",
        "pluralRange-start-other-end-one": "one",
        "pluralRange-start-other-end-other": "other",
        "pluralRange-start-other-end-two": "two",
        "pluralRange-start-two-end-few": "few",
        "pluralRange-start-two-end-many": "many",
        "pluralRange-start-two-end-other": "other"
      },
      "gl": {
        "pluralRange-start-one-end-other": "other",
        "pluralRange-start-other-end-one": "one",
        "pluralRange-start-other-end-other": "other"
      },
      "gsw": {
        "pluralRange-start-one-end-other": "other",
        "pluralRange-start-other-end-one": "one",
        "pluralRange-start-other-end-other": "other"
      },
      "gu": {
        "pluralRange-start-one-end-one": "one",
        "pluralRange-start-one-end-other": "other",
        "pluralRange-start-other-end-other": "other"
      },
      "he": {
        "pluralRange-start-many-end-many": "many",
        "pluralRange-start-many-end-other": "many",
        "pluralRange-start-one-end-many": "many",
        "pluralRange-start-one-end-other": "other",
        "pluralRange-start-one-end-two": "other",
        "pluralRange-start-other-end-many": "many",
        "pluralRange-start-other-end-one": "other",
        "pluralRange-start-other-end-other": "other",
        "pluralRange-start-other-end-two": "other",
        "pluralRange-start-two-end-many": "other",
        "pluralRange-start-two-end-other": "other"
      },
      "hi": {
        "pluralRange-start-one-end-one": "one",
        "pluralRange-start-one-end-other": "other",
        "pluralRange-start-other-end-other": "other"
      },
      "hr": {
        "pluralRange-start-few-end-few": "few",
        "pluralRange-start-few-end-one": "one",
        "pluralRange-start-few-end-other": "other",
        "pluralRange-start-one-end-few": "few",
        "pluralRange-start-one-end-one": "one",
        "pluralRange-start-one-end-other": "other",
        "pluralRange-start-other-end-few": "few",
        "pluralRange-start-other-end-one": "one",
        "pluralRange-start-other-end-other": "other"
      },
      "hu": {
        "pluralRange-start-one-end-other": "other",
        "pluralRange-start-other-end-one": "one",
        "pluralRange-start-other-end-other": "other"
      },
      "hy": {
        "pluralRange-start-one-end-one": "one",
        "pluralRange-start-one-end-other": "other",
        "pluralRange-start-other-end-other": "other"
      },
      "ia": {
        "pluralRange-start-one-end-other": "other",
        "pluralRange-start-other-end-one": "other",
        "pluralRange-start-other-end-other": "other"
      },
      "id": {
        "pluralRange-start-other-end-other": "other"
      },
      "io": {
        "pluralRange-start-one-end-other": "other",
        "pluralRange-start-other-end-one": "other",
        "pluralRange-start-other-end-other": "other"
      },
      "is": {
        "pluralRange-start-one-end-one": "one",
        "pluralRange-start-one-end-other": "other",
        "pluralRange-start-other-end-one": "one",
        "pluralRange-start-other-end-other": "other"
      },
      "it": {
        "pluralRange-start-one-end-other": "other",
        "pluralRange-start-other-end-one": "one",
        "pluralRange-start-other-end-other": "other"
      },
      "ja": {
        "pluralRange-start-other-end-other": "other"
      },
      "ka": {
        "pluralRange-start-one-end-other": "one",
        "pluralRange-start-other-end-one": "other",
        "pluralRange-start-other-end-other": "other"
      },
      "kk": {
        "pluralRange-start-one-end-other": "other",
        "pluralRange-start-other-end-one": "one",
        "pluralRange-start-other-end-other": "other"
      },
      "km": {
        "pluralRange-start-other-end-other": "other"
      },
      "kn": {
        "pluralRange-start-one-end-one": "one",
        "pluralRange-start-one-end-other": "other",
        "pluralRange-start-other-end-other": "other"
      },
      "ko": {
        "pluralRange-start-other-end-other": "other"
      },
      "ky": {
        "pluralRange-start-one-end-other": "other",
        "pluralRange-start-other-end-one": "one",
        "pluralRange-start-other-end-other": "other"
      },
      "lij": {
        "pluralRange-start-one-end-other": "other",
        "pluralRange-start-other-end-one": "one",
        "pluralRange-start-other-end-other": "other"
      },
      "lo": {
        "pluralRange-start-other-end-other": "other"
      },
      "lt": {
        "pluralRange-start-few-end-few": "few",
        "pluralRange-start-few-end-many": "many",
        "pluralRange-start-few-end-one": "one",
        "pluralRange-start-few-end-other": "other",
        "pluralRange-start-many-end-few": "few",
        "pluralRange-start-many-end-many": "many",
        "pluralRange-start-many-end-one": "one",
        "pluralRange-start-many-end-other": "other",
        "pluralRange-start-one-end-few": "few",
        "pluralRange-start-one-end-many": "many",
        "pluralRange-start-one-end-one": "one",
        "pluralRange-start-one-end-other": "other",
        "pluralRange-start-other-end-few": "few",
        "pluralRange-start-other-end-many": "many",
        "pluralRange-start-other-end-one": "one",
        "pluralRange-start-other-end-other": "other"
      },
      "lv": {
        "pluralRange-start-one-end-one": "one",
        "pluralRange-start-one-end-other": "other",
        "pluralRange-start-one-end-zero": "other",
        "pluralRange-start-other-end-one": "one",
        "pluralRange-start-other-end-other": "other",
        "pluralRange-start-other-end-zero": "other",
        "pluralRange-start-zero-end-one": "one",
        "pluralRange-start-zero-end-other": "other",
        "pluralRange-start-zero-end-zero": "other"
      },
      "mk": {
        "pluralRange-start-one-end-one": "other",
        "pluralRange-start-one-end-other": "other",
        "pluralRange-start-other-end-one": "other",
        "pluralRange-start-other-end-other": "other"
      },
      "ml": {
        "pluralRange-start-one-end-other": "other",
        "pluralRange-start-other-end-one": "one",
        "pluralRange-start-other-end-other": "other"
      },
      "mn": {
        "pluralRange-start-one-end-other": "other",
        "pluralRange-start-other-end-one": "one",
        "pluralRange-start-other-end-other": "other"
      },
      "mr": {
        "pluralRange-start-one-end-one": "one",
        "pluralRange-start-one-end-other": "other",
        "pluralRange-start-other-end-other": "other"
      },
      "ms": {
        "pluralRange-start-other-end-other": "other"
      },
      "my": {
        "pluralRange-start-other-end-other": "other"
      },
      "nb": {
        "pluralRange-start-one-end-other": "other",
        "pluralRange-start-other-end-one": "other",
        "pluralRange-start-other-end-other": "other"
      },
      "ne": {
        "pluralRange-start-one-end-other": "other",
        "pluralRange-start-other-end-one": "one",
        "pluralRange-start-other-end-other": "other"
      },
      "nl": {
        "pluralRange-start-one-end-other": "other",
        "pluralRange-start-other-end-one": "one",
        "pluralRange-start-other-end-other": "other"
      },
      "no": {
        "pluralRange-start-one-end-other": "other",
        "pluralRange-start-other-end-one": "other",
        "pluralRange-start-other-end-other": "other"
      },
      "or": {
        "pluralRange-start-one-end-one": "other",
        "pluralRange-start-one-end-other": "other",
        "pluralRange-start-other-end-one": "one",
        "pluralRange-start-other-end-other": "other"
      },
      "pa": {
        "pluralRange-start-one-end-one": "one",
        "pluralRange-start-one-end-other": "other",
        "pluralRange-start-other-end-one": "one",
        "pluralRange-start-other-end-other": "other"
      },
      "pcm": {
        "pluralRange-start-one-end-other": "other",
        "pluralRange-start-other-end-one": "other",
        "pluralRange-start-other-end-other": "other"
      },
      "pl": {
        "pluralRange-start-few-end-few": "few",
        "pluralRange-start-few-end-many": "many",
        "pluralRange-start-few-end-other": "other",
        "pluralRange-start-many-end-few": "few",
        "pluralRange-start-many-end-many": "many",
        "pluralRange-start-many-end-one": "one",
        "pluralRange-start-many-end-other": "other",
        "pluralRange-start-one-end-few": "few",
        "pluralRange-start-one-end-many": "many",
        "pluralRange-start-one-end-other": "other",
        "pluralRange-start-other-end-few": "few",
        "pluralRange-start-other-end-many": "many",
        "pluralRange-start-other-end-one": "one",
        "pluralRange-start-other-end-other": "other"
      },
      "ps": {
        "pluralRange-start-one-end-one": "one",
        "pluralRange-start-one-end-other": "other",
        "pluralRange-start-other-end-other": "other"
      },
      "pt": {
        "pluralRange-start-one-end-one": "one",
        "pluralRange-start-one-end-other": "other",
        "pluralRange-start-other-end-other": "other"
      },
      "ro": {
        "pluralRange-start-few-end-few": "few",
        "pluralRange-start-few-end-one": "few",
        "pluralRange-start-few-end-other": "other",
        "pluralRange-start-one-end-few": "few",
        "pluralRange-start-one-end-other": "other",
        "pluralRange-start-other-end-few": "few",
        "pluralRange-start-other-end-other": "other"
      },
      "ru": {
        "pluralRange-start-few-end-few": "few",
        "pluralRange-start-few-end-many": "many",
        "pluralRange-start-few-end-one": "one",
        "pluralRange-start-few-end-other": "other",
        "pluralRange-start-many-end-few": "few",
        "pluralRange-start-many-end-many": "many",
        "pluralRange-start-many-end-one": "one",
        "pluralRange-start-many-end-other": "other",
        "pluralRange-start-one-end-few": "few",
        "pluralRange-start-one-end-many": "many",
        "pluralRange-start-one-end-one": "one",
        "pluralRange-start-one-end-other": "other",
        "pluralRange-start-other-end-few": "few",
        "pluralRange-start-other-end-many": "many",
        "pluralRange-start-other-end-one": "one",
        "pluralRange-start-other-end-other": "other"
      },
      "sc": {
        "pluralRange-start-one-end-other": "other",
        "pluralRange-start-other-end-one": "one",
        "pluralRange-start-other-end-other": "other"
      },
      "scn": {
        "pluralRange-start-one-end-other": "other",
        "pluralRange-start-other-end-one": "one",
        "pluralRange-start-other-end-other": "other"
      },
      "sd": {
        "pluralRange-start-one-end-one": "other",
        "pluralRange-start-one-end-other": "other",
        "pluralRange-start-other-end-one": "one",
        "pluralRange-start-other-end-other": "other"
      },
      "si": {
        "pluralRange-start-one-end-one": "one",
        "pluralRange-start-one-end-other": "other",
        "pluralRange-start-other-end-one": "other",
        "pluralRange-start-other-end-other": "other"
      },
      "sk": {
        "pluralRange-start-few-end-few": "few",
        "pluralRange-start-few-end-many": "many",
        "pluralRange-start-few-end-other": "other",
        "pluralRange-start-many-end-few": "few",
        "pluralRange-start-many-end-many": "many",
        "pluralRange-start-many-end-one": "one",
        "pluralRange-start-many-end-other": "other",
        "pluralRange-start-one-end-few": "few",
        "pluralRange-start-one-end-many": "many",
        "pluralRange-start-one-end-other": "other",
        "pluralRange-start-other-end-few": "few",
        "pluralRange-start-other-end-many": "many",
        "pluralRange-start-other-end-one": "one",
        "pluralRange-start-other-end-other": "other"
      },
      "sl": {
        "pluralRange-start-few-end-few": "few",
        "pluralRange-start-few-end-one": "few",
        "pluralRange-start-few-end-other": "other",
        "pluralRange-start-few-end-two": "two",
        "pluralRange-start-one-end-few": "few",
        "pluralRange-start-one-end-one": "few",
        "pluralRange-start-one-end-other": "other",
        "pluralRange-start-one-end-two": "two",
        "pluralRange-start-other-end-few": "few",
        "pluralRange-start-other-end-one": "few",
        "pluralRange-start-other-end-other": "other",
        "pluralRange-start-other-end-two": "two",
        "pluralRange-start-two-end-few": "few",
        "pluralRange-start-two-end-one": "few",
        "pluralRange-start-two-end-other": "other",
        "pluralRange-start-two-end-two": "two"
      },
      "sq": {
        "pluralRange-start-one-end-other": "other",
        "pluralRange-start-other-end-one": "one",
        "pluralRange-start-other-end-other": "other"
      },
      "sr": {
        "pluralRange-start-few-end-few": "few",
        "pluralRange-start-few-end-one": "one",
        "pluralRange-start-few-end-other": "other",
        "pluralRange-start-one-end-few": "few",
        "pluralRange-start-one-end-one": "one",
        "pluralRange-start-one-end-other": "other",
        "pluralRange-start-other-end-few": "few",
        "pluralRange-start-other-end-one": "one",
        "pluralRange-start-other-end-other": "other"
      },
      "sv": {
        "pluralRange-start-one-end-other": "other",
        "pluralRange-start-other-end-one": "other",
        "pluralRange-start-other-end-other": "other"
      },
      "sw": {
        "pluralRange-start-one-end-other": "other",
        "pluralRange-start-other-end-one": "one",
        "pluralRange-start-other-end-other": "other"
      },
      "ta": {
        "pluralRange-start-one-end-other": "other",
        "pluralRange-start-other-end-one": "one",
        "pluralRange-start-other-end-other": "other"
      },
      "te": {
        "pluralRange-start-one-end-other": "other",
        "pluralRange-start-other-end-one": "one",
        "pluralRange-start-other-end-other": "other"
      },
      "th": {
        "pluralRange-start-other-end-other": "other"
      },
      "tk": {
        "pluralRange-start-one-end-other": "other",
        "pluralRange-start-other-end-one": "one",
        "pluralRange-start-other-end-other": "other"
      },
      "tr": {
        "pluralRange-start-one-end-other": "other",
        "pluralRange-start-other-end-one": "one",
        "pluralRange-start-other-end-other": "other"
      },
      "ug": {
        "pluralRange-start-one-end-other": "other",
        "pluralRange-start-other-end-one": "one",
        "pluralRange-start-other-end-other": "other"
      },
      "uk": {
        "pluralRange-start-few-end-few": "few",
        "pluralRange-start-few-end-many": "many",
        "pluralRange-start-few-end-one": "one",
        "pluralRange-start-few-end-other": "other",
        "pluralRange-start-many-end-few": "few",
        "pluralRange-start-many-end-many": "many",
        "pluralRange-start-many-end-one": "one",
        "pluralRange-start-many-end-other": "other",
        "pluralRange-start-one-end-few": "few",
        "pluralRange-start-one-end-many": "many",
        "pluralRange-start-one-end-one": "one",
        "pluralRange-start-one-end-other": "other",
        "pluralRange-start-other-end-few": "few",
        "pluralRange-start-other-end-many": "many",
        "pluralRange-start-other-end-one": "one",
        "pluralRange-start-other-end-other": "other"
      },
      "ur": {
        "pluralRange-start-one-end-other": "other",
        "pluralRange-start-other-end-one": "other",
        "pluralRange-start-other-end-other": "other"
      },
      "uz": {
        "pluralRange-start-one-end-other": "other",
        "pluralRange-start-other-end-one": "one",
        "pluralRange-start-other-end-other": "other"
      },
      "vi": {
        "pluralRange-start-other-end-other": "other"
      },
      "yue": {
        "pluralRange-start-other-end-other": "other"
      },
      "zh": {
        "pluralRange-start-other-end-other": "other"
      },
      "zu": {
        "pluralRange-start-one-end-one": "one",
        "pluralRange-start-one-end-other": "other",
        "pluralRange-start-other-end-other": "other"
      }
    }
  }
}
